Price,Close,High,Low,Open,Volume,EMA_10,EMA_20,EMA_50,RSI,RSI_Signal,MACD,MACD_Signal,MACD_Diff,BB_Middle,BB_Upper,BB_Lower,ATR,ADX,Trend_Strength,Signal
Ticker,BTC-USD,BTC-USD,BTC-USD,BTC-USD,BTC-USD,,,,,,,,,,,,,,,
Date,,,,,,,,,,,,,,,,,,,,
2025-10-01,118648.9296875,118648.9296875,113981.3984375,114057.59375,71328680132,113862.51103814125,113532.97198719831,112705.27499554877,55.000720291212666,0,401.0569362975948,192.52005764463735,208.53687865295745,114291.70859375,119621.37908848946,108962.03809901053,2376.539620535714,12.155327128267428,False,0
2025-10-02,120681.2578125,121086.40625,118383.15625,118652.3828125,71415163912,115102.28317893375,114213.76111341752,113018.05863542922,57.649684679990415,0,923.4186079695355,338.699767709617,584.7188402599186,114520.692578125,120528.1901605506,108513.1949956994,2446.558035714286,11.66753148892209,False,0
2025-10-03,122266.53125,123944.703125,119344.3125,120656.984375,83941392228,116404.87373730943,114980.69160261586,113380.74383600062,64.11418187426449,0,1448.6135980775289,560.6825337831995,887.9310642943294,114836.49375,121755.3720700541,107917.61542994589,2608.1618303571427,12.11518858744659,False,0
2025-10-04,122425.4296875,122857.640625,121577.5703125,122267.46875,36769171735,117499.52027370772,115689.71427736673,113735.43739880453,64.30687575198952,0,1856.2583961897617,819.797706264512,1036.4606899252497,115187.382421875,122895.06733059761,107479.69751315238,2648.336495535714,12.460112265451162,False,0
2025-10-05,123513.4765625,125559.2109375,122191.9609375,122419.671875,73689317763,118592.96687166995,116434.83449499847,114118.88991502789,67.02803565020321,0,2241.2800440419087,1104.0941738199915,1137.1858702219172,115590.8125,124152.56780760584,107029.05719239416,2842.5323660714284,13.329441745269492,False,0
2025-10-06,124752.53125,126198.0703125,123196.046875,123510.453125,72568881188,119712.88766772996,117226.9960907129,114535.89545757581,76.34646888746455,-1,2616.235497697664,1406.5224385955262,1209.7130591021378,115986.2796875,125472.37053158323,106500.18884341678,2814.558035714286,16.0176675888339,False,0
2025-10-07,121451.3828125,125184.0234375,120681.96875,124752.140625,76149412513,120028.97769405178,117629.318635645,114807.09104012186,68.61448332338338,0,2616.8498894769727,1648.5879287718153,968.2619607051574,116235.4234375,126031.51797267074,106439.32890232925,3006.39453125,17.961842204952603,False,0
2025-10-08,123354.8671875,124167.09375,121119.1796875,121448.3515625,65354305286,120633.68487467871,118174.6089739169,115142.29794786219,69.32762250716112,0,2739.35450680292,1866.7412443780363,872.6132624248835,116546.306640625,126844.6639859744,106247.9492952756,3027.2003348214284,19.66567733629662,False,0
2025-10-09,121705.5859375,123739.34375,119812.03125,123337.0703125,74653009425,120828.57597700984,118510.89249425815,115399.68179059308,77.15067765829289,-1,2672.549597222911,2027.9029149470114,644.6466822758996,116847.14296875,127388.6866106598,106305.59932684021,2962.8878348214284,20.742061523760636,False,0
2025-10-10,113214.3671875,122509.6640625,104582.4140625,121704.7421875,153125018868,119444.17437891715,118006.46151266215,115313.98317870707,55.623120438711716,0,1912.3909831961646,2004.800528596842,-92.40954540067742,116721.76328125,127378.67406237927,106064.85250012072,4126.961495535715,19.329423806224145,False,0
2025-10-11,110807.8828125,113429.7265625,109760.5625,113236.4296875,110236934340,117873.93954865947,117320.88258883718,115137.27336042444,51.67996228827369,0,1103.0612245347875,1824.4526677844312,-721.3914432496438,116496.852734375,127464.88731367623,105528.81815507378,4343.744419642857,17.881780157008208,False,0
2025-10-12,115169.765625,115805.0625,109715.5390625,110811.515625,93710414091,117382.27156253956,117116.01430656697,115138.54756687839,54.299963795070404,0,804.3569231672154,1620.4335188609882,-816.0765956937728,116617.915625,127464.52472989485,105771.30652010514,4554.529017857143,17.17796245296759,False,0
2025-10-13,115271.078125,116020.484375,113821.1875,115161.6796875,71582026739,116998.41821025964,116940.3060987987,115143.74484366747,51.309097563823336,0,569.2447847946896,1410.1957720477285,-840.9509872530389,116780.74453125,127432.40300240438,106129.08606009564,4505.648995535715,17.360626485851736,False,0
2025-10-14,113118.6640625,115502.8828125,110029.484375,115264.8828125,92212917403,116293.00836521243,116576.34019057977,115064.32991107268,48.66325768969397,0,206.85045162768802,1169.5267079637204,-962.6762563360323,116770.24609375,127436.63439958065,106103.85778791935,4746.887834821428,17.99237990599124,False,0
2025-10-15,110783.1640625,113622.3828125,110235.8359375,113113.96875,72574132855,115291.21849199198,116024.60913076265,114896.4410542659,38.011816508343244,0,-265.7416948892351,882.4730273931293,-1148.2147222823644,116856.93984375,127284.61451238606,106429.26517511395,4655.388950892857,18.710039020809866,False,0
2025-10-16,108186.0390625,111990.8125,107537.03125,110782.171875,87306423067,113999.36768662979,115278.07864807098,114633.28803498097,31.27839749184362,0,-840.1558644407778,537.947249026348,-1378.1031134671257,116780.600390625,127448.08694006773,106113.11384118226,4780.426897321428,19.571784038102972,False,0
2025-10-17,106467.7890625,109235.8046875,103598.4296875,108179.1328125,99703051669,112629.98975496982,114439.00344944518,114313.07238900133,26.4226744626649,1,-1417.6894062325591,146.81991797456658,-1564.5093242071257,116619.892578125,127821.15343425343,105418.63172199657,4854.497209821428,20.414040127884856,False,0
2025-10-18,107198.265625,107490.984375,106387.453125,106483.734375,37779905278,111642.40354952075,113749.4093709266,114034.0603590405,27.656844702519905,1,-1795.7453111266077,-241.6931278456683,-1554.0521832809395,116373.673828125,128190.7307998823,104556.6168563677,4841.887276785715,21.287509573155198,False,0
2025-10-19,108666.7109375,109488.9921875,106157.7890625,107204.3125,47657008953,111101.36852915335,113265.34285345739,113823.57606799969,28.455520139090112,1,-1954.3376867714833,-584.2220396308313,-1370.115647140652,116086.990234375,128374.451694673,103799.528774077,4839.3125,21.821765659630646,False,0
2025-10-20,110588.9296875,111711.03125,107485.015625,108667.4453125,63507793085,111008.19783067092,113010.44636146145,113696.72719033304,29.846461276933297,1,-1902.9799305186461,-847.9736178083944,-1055.0063127102517,115913.632421875,128417.66257048925,103409.60227326074,4926.740513392857,21.428004622006902,False,0
2025-10-21,108476.890625,113996.34375,107534.75,110587.6328125,101194375480,110547.96015691257,112578.67914846512,113492.02771718272,30.89183883439337,0,-2009.5377398018172,-1080.2864422070788,-929.2512975947384,115405.03046875,128263.08889454509,102546.97204295492,5066.707589285715,21.0024785017396,False,0
2025-10-22,107688.5859375,109115.1328125,106778.0,108491.53125,80807013218,110028.07393520119,112112.95598551605,113264.4417650383,26.143895819860404,1,-2133.0071923478827,-1290.8305922352397,-842.176600112643,114755.396875,127802.52102582836,101708.27272417165,5015.9375,20.794346821572937,False,0
2025-10-23,110069.7265625,111288.59375,107548.4296875,107679.4375,54944076060,110035.6471401646,111918.36270713356,113139.15881591916,32.66761347238436,0,-2015.486204258923,-1435.7617146399764,-579.7244896189466,114145.556640625,126850.14052397196,101440.97275727804,5002.569754464285,19.982449837660617,False,0
2025-10-24,111033.921875,111842.53125,109770.1484375,110069.3515625,48160816980,110217.15163740738,111834.13024693036,113056.60050451057,45.813243134830024,0,-1823.526986904224,-1513.3147690928258,-310.2122178113982,113575.98125,125726.94652300925,101425.01597699075,3870.0792410714284,19.87560771651275,False,0
2025-10-25,111641.7265625,111947.703125,110704.40625,111032.6171875,24707667305,110476.1652601515,111815.80608650843,113001.11525188271,51.71989601857898,0,-1603.864810351064,-1531.4247773444736,-72.44003300659051,112982.39375,124214.48032345877,101750.30717654123,3696.8030133928573,19.796748391709553,False,0
2025-10-26,114472.4453125,115260.90625,111268.484375,111639.0546875,41708524143,111202.76163330577,112068.81934612668,113058.81446994614,48.46472480909899,0,-1187.6748308823298,-1462.674788052045,274.9999571697151,112468.389453125,122284.15561423785,102652.62329201214,3547.0100446428573,19.840686834351082,False,0
2025-10-27,114119.328125,116273.3125,113882.2890625,114479.8515625,61761358733,111733.04644997744,112264.10589649556,113100.40324073257,47.492024780341225,0,-876.2341971859714,-1345.3866698788302,469.15247269285874,112101.78671875,121010.71172711893,103192.86171038105,3560.7047991071427,19.782560926074982,False,0
2025-10-28,112956.1640625,116078.984375,112291.6796875,114129.0859375,64528066504,111955.43147043607,112330.0161980198,113094.74680237052,49.63021959267265,0,-715.0304441795743,-1219.3154247389791,504.28498055940486,111581.8515625,118773.8643412747,104389.8387837253,3440.26953125,19.63772956789399,False,0
2025-10-29,110055.3046875,113642.7265625,109368.71875,112921.328125,62192043469,111609.95387353859,112113.37700654172,112975.55299394422,48.38525176040592,0,-811.9902978733589,-1137.850399365855,325.86010149249614,110999.3375,116403.97239401437,105594.70260598561,3503.659598214286,18.620409590148316,False,0
2025-10-30,108305.546875,111612.3515625,106376.6875,110059.1953125,69673964814,111009.15260107702,111750.72651782347,112792.41549908367,50.27548432618986,0,-1018.2843643243541,-1113.937192357555,95.65282803320088,110753.896484375,116180.79242133664,105327.00054741336,3559.508370535714,17.042161491841178,False,0
2025-10-31,109556.1640625,111031.8203125,108288.2734375,108304.4140625,60090359560,110744.97286679028,111541.72056969743,112665.50367804118,57.27605772961496,0,-1068.5420553976437,-1104.8581649655728,36.31610956792906,110691.310546875,116144.39284503169,105238.22824871831,3352.8063616071427,15.389114411778765,False,0
2025-11-01,110064.015625,110574.8984375,109372.953125,109558.625,25871668762,110621.16245919204,111400.98676544052,112563.48453870622,56.823138134619036,0,-1055.2282464904274,-1094.9321812705437,39.70393478011624,110436.023046875,115468.13071440847,105403.91537934152,3359.8359375,13.727902060522906,False,0
2025-11-02,110639.625,111167.3125,109523.453125,110064.4296875,34284209459,110624.51928479348,111328.47612111286,112488.0390666001,54.905940638298944,0,-986.8542495233414,-1073.3165949211034,86.46234539776196,110204.450390625,114697.0452155199,105711.8555657301,3239.3113839285716,11.800323817621992,False,0
2025-11-03,106547.5234375,110764.9140625,105336.359375,110646.90625,72852006359,109883.2473125583,110873.14729410212,112255.0776693805,40.92930998929683,0,-1248.4741286856006,-1108.348101674003,-140.12602701159767,109875.893359375,114431.80723032437,105319.97948842563,3325.20703125,9.8230710290708,False,0
2025-11-04,101590.5234375,107264.8828125,98962.0625,106541.421875,110967184773,108375.47933527497,109989.08787918763,111836.85985636558,36.294282301508844,0,-1834.6495425171743,-1253.6083898426373,-581.041152674537,109416.261328125,115259.68589592965,103572.83676032034,3456.723214285714,9.658003815381461,False,0
2025-11-05,103891.8359375,104534.703125,98989.9140625,101579.234375,77584934804,107560.27144477042,109408.39721807453,111525.29029091987,42.87269689603064,0,-2089.415612698416,-1420.7698344137932,-668.645778284623,109201.551171875,115530.68964784493,102872.41269590508,3685.8415178571427,9.191402447431235,False,0
2025-11-06,101301.2890625,104147.3046875,100336.8671875,103893.6640625,63932752861,106422.27464799398,108636.29167944839,111124.34906627596,33.66818815197158,0,-2471.8609669692087,-1630.9880609248764,-840.8729060443322,108943.226171875,116108.66252016583,101777.78982358416,3690.8610491071427,9.3732251294367,False,0
2025-11-07,103372.40625,104052.9140625,99257.0546875,101286.2421875,92168030081,105867.75312108597,108134.96925759615,110820.35130877495,36.295021356687705,0,-2578.110959295678,-1820.4126405990369,-757.6983186966413,108751.933203125,116307.18662930583,101196.67977694416,3885.395089285714,11.14377887175432,False,0
2025-11-08,102282.1171875,103373.5625,101458.0390625,103371.703125,51446691095,105215.81931497942,107577.55477472986,110485.51859813672,33.541554473617694,0,-2718.949699474004,-2000.1200523740304,-718.8296470999735,108432.703515625,116523.658994423,100341.748036827,3933.4112723214284,12.8868794333614,False,0
2025-11-09,104719.640625,105418.3671875,101468.875,102278.984375,59679243013,105125.60500771043,107305.37247475558,110259.40573644509,32.60965928356241,0,-2603.8619459160254,-2120.8684310824297,-482.9935148335958,108139.2390625,116326.09643372851,99952.38169127148,3930.3448660714284,14.656839808055441,False,0
2025-11-10,105996.59375,106564.6953125,104350.6484375,104723.7734375,69585887229,105283.96659721762,107180.72688192173,110092.23663893744,35.978219179486246,0,-2382.1546310667036,-2173.1256710792845,-209.02895998741906,108015.22421875,116255.51466340246,99774.93377409753,3917.703683035714,16.302582631923023,False,0
2025-11-11,102997.46875,107428.2578125,102457.328125,105996.859375,71130078574,104868.23971590532,106782.32134554823,109814.0104472144,33.833635384789034,0,-2420.551696286566,-2222.6108761207406,-197.94082016582524,107780.668359375,116321.68006774757,99239.65665100244,4002.2483258928573,17.60579183502283,False,0
2025-11-12,101663.1875,105297.234375,100836.6171875,103011.4375,64347179408,104285.50294937707,106294.78478882935,109494.37033163737,35.646691322175016,0,-2529.488622640725,-2283.9864254247377,-245.5021972159875,107360.34140625,116247.43997273158,98473.24283976841,4015.577566964286,19.175109551554414,False,0
2025-11-13,99697.4921875,104005.4921875,97988.71875,101674.1484375,101546815416,103451.31917449032,105666.47120775036,109110.17903186729,35.38531776423142,0,-2742.8195884721645,-2375.753058034223,-367.0665304379413,106793.519921875,116128.86088996801,97458.178953782,4071.37109375,20.747397150971885,False,0
2025-11-14,94397.7890625,99804.4296875,94000.734375,99694.703125,114346441890,101805.22279049207,104593.26338439318,108533.22256248034,27.374958196183385,1,-3301.4703712349874,-2560.896520674376,-740.5738505606114,105931.323046875,116486.8122557908,95375.83383795919,4289.953125,22.090912458998282,False,0
2025-11-15,95549.1484375,96728.46875,94420.46875,94420.46875,38500716654,100667.7547263117,103731.9191037367,108024.04318503012,28.743768956273726,1,-3609.6898050664604,-2770.6551775527932,-839.0346275136671,104985.158203125,115708.19190505089,94262.12450119911,4370.577008928572,23.39698997099865,False,0
2025-11-16,94177.078125,96564.1875,92971.1640625,95556.8671875,71086235862,99487.63170789139,102821.93424861893,107481.02494738188,26.441068627937653,1,-3919.489103737069,-3000.4219627896487,-919.0671409474203,103988.045703125,114842.76346454473,93133.32794170527,4509.803013392857,25.059338957874864,True,0
2025-11-17,92093.875,95928.3671875,91214.7578125,94180.875,94186165724,98143.31230645659,101800.21432017903,106877.60730238652,28.054100258999696,1,-4283.72425535947,-3257.082421303613,-1026.6418340558566,102944.93125,114174.12870495585,91715.73379504414,4458.735491071428,26.728704509353424,True,0
2025-11-18,92948.875,93745.078125,89300.4609375,92094.53125,101333569062,97198.86915982811,100957.22962301911,106331.3825062145,35.011803500643765,0,-4452.071177509701,-3496.080172544831,-955.9910049648697,102089.609765625,113639.8013050815,90539.4182261685,4183.149553571428,26.724267274153707,True,0
2025-11-19,91465.9921875,92946.1640625,88526.828125,92946.1640625,80350354656,96156.52789213209,100053.30224820776,105748.42602312766,27.81871714313766,1,-4651.523706373715,-3727.1688793106077,-924.3548270631072,101247.63203125,113332.66181398887,89162.60224851113,4102.953683035715,27.054370349934203,True,0
2025-11-20,86631.8984375,93025.0703125,86040.796875,91459.3515625,97970645638,94424.77708219897,98775.07331385465,104998.75827467168,25.755715673550043,1,-5140.406827775747,-4009.8164690036356,-1130.5903587721114,100101.41875,113176.42185381684,87026.41564618316,4329.65625,27.286948765600915,True,0
2025-11-21,85090.6875,87380.8046875,80659.8125,86528.7734375,129157506112,92727.6698854355,97471.79847443991,104218.04961684141,19.246915702437633,1,-5587.800381406676,-4325.413251484244,-1262.387129922432,98852.75234375,112670.55142637427,85034.95326112575,4467.165736607143,27.822552792115335,True,0
2025-11-22,84648.359375,85503.0078125,83490.8984375,85098.5625,40793099246,91258.70433808358,96250.51856020755,103450.61078382801,19.67584313967845,1,-5909.929194007476,-4642.316439988891,-1267.6127540185853,97553.1890625,111590.59835056774,83515.77977443225,4474.064732142857,28.36346753627839,True,0
2025-11-23,86805.0078125,88038.46875,84641.7734375,84648.609375,58083435576,90448.94133343203,95350.94610804493,102797.84203985437,18.892325290453414,1,-5922.9193661988975,-4898.437025230893,-1024.4823409680048,96566.06328125,110716.52606629401,82415.60049620598,4434.579241071428,28.703074273258178,True,0
2025-11-24,88270.5625,89206.3359375,85272.1953125,86798.7734375,74433896110,90052.8724546262,94676.6238596597,102228.14480299733,19.42011577845321,1,-5748.688849497601,-5068.487390084235,-680.2014594133661,95900.065234375,110306.33690427443,81493.79356447556,4557.443080357143,28.987803986745888,True,0
2025-11-25,87341.890625,88457.3359375,86131.4296875,88269.9609375,64837343545,89559.96666742142,93978.07783731115,101644.37012935037,20.91414776827625,1,-5620.753422173249,-5178.940596502038,-441.8128256712116,95072.56796875,109447.23186749456,80697.90407000543,4368.512834821428,29.153878371562232,True,0
2025-11-26,90518.3671875,90581.15625,86316.8984375,87345.5859375,66496301869,89734.22130743571,93648.58158494819,101208.0562884935,30.62100560583835,0,-5203.070801224851,-5183.766637446601,-19.30416377824986,94533.421875,108732.21558612748,80334.62816387252,4354.487165178572,29.06009127224291,True,0
2025-11-27,91285.375,91897.578125,90089.515625,90517.765625,57040622845,90016.2492515383,93423.5142911436,100818.931532082,34.73644071280437,0,-4755.346519983505,-5098.082613953981,342.73609397047676,93929.0703125,107561.42058321738,80296.72004178262,4053.8649553571427,28.613474470275882,True,0
2025-11-28,90919.265625,92969.0859375,90257.1171875,91285.3828125,60895830289,90180.43404671316,93185.01441817754,100430.70933964742,42.31184568816812,0,-4379.578711090915,-4954.381833381369,574.8031222904538,93360.927734375,106464.35788731095,80257.49758143905,3833.02734375,27.186554910031212,True,0
2025-11-29,90851.7578125,91187.6171875,90260.1875,90918.7421875,37921773455,90302.49291321984,92962.79950335111,100055.06418172007,39.09549714504588,0,-4040.6492423164746,-4771.635315168391,730.9860728519161,92667.53359375,104660.81333394545,80674.25385355456,3732.7952008928573,25.818303496134295,True,0
2025-11-30,90394.3125,91965.046875,90394.3125,90838.2109375,38497902869,90319.1873835435,92718.18169350814,99676.21117459379,40.829276977449815,0,-3765.5502903727756,-4570.418310209268,804.8680198364927,91887.41953125,102132.48237694561,81642.35668555438,3588.3459821428573,23.998543767504483,False,0
2025-12-01,86321.5703125,90398.15625,83862.25,90389.109375,87962894424,89592.34791608104,92108.98060960262,99152.49976823718,37.237139715278815,0,-3831.9957841163414,-4422.733804990683,590.7380208743416,91053.624609375,100140.42753080274,81966.82168794725,3718.5100446428573,23.069532744243222,False,0
2025-12-02,91350.203125,92316.6328125,86202.1953125,86322.5390625,78546798211,89911.9579540663,92036.71608725951,98846.52735085532,47.01599054589743,0,-3439.24025389702,-4226.035094771951,786.7948408749307,90537.975390625,98138.73285399978,82937.21792725021,3837.7829241071427,22.00619250050196,False,0
2025-12-03,93527.8046875,94060.7734375,91056.390625,91345.09375,77650204986,90569.38463287242,92178.72452537765,98637.94999150805,53.75120106888024,0,-2918.6203804613906,-3964.552151909839,1045.9317714484482,90229.491015625,96678.54269068071,83780.43934056928,3736.5212053571427,20.486194297058887,False,0
2025-12-04,92141.625,94038.2421875,90976.1015625,93454.2578125,64538402681,90855.24651780471,92175.19123724644,98383.19214870382,61.462302774668956,0,-2588.045122721669,-3689.250746072205,1101.205623350536,90116.6828125,96333.48186385795,83899.88376114206,3456.3688616071427,18.624775759312964,False,0
2025-12-05,89387.7578125,92702.640625,88152.140625,92133.6484375,63256398633,90588.43038956748,91909.72138727059,98030.4300178723,58.51013758874509,0,-2519.235734917369,-3455.247743841238,936.012008923869,89808.61328125,95478.52123150456,84138.70533099544,3301.3337053571427,16.732004721770075,False,0
2025-12-06,89272.375,90267.4609375,88951.6640625,89389.359375,37994042405,90349.1475914643,91658.54554086387,97686.97687991653,59.27778394338343,0,-2445.820333675627,-3253.362261808116,807.5419281324889,89563.378125,94848.98076547413,84277.77548452588,3251.597098214286,14.850529929984074,False,0
2025-12-07,90405.640625,91740.84375,87799.5625,89277.8125,47394898960,90359.41905210714,91539.22126316254,97401.43428168452,57.53382514724176,0,-2270.0255924329394,-3056.6949279330806,786.6693355001412,89478.96640625,94647.0274794178,84310.90533308219,3290.49609375,12.833620546853139,False,0
2025-12-08,90640.203125,92267.1171875,89644.890625,90424.5859375,57394099056,90410.47070172403,91453.60048809944,97136.28796181454,55.22742830670852,0,-2087.7138938247517,-2862.898721111415,775.1848272866632,89363.5328125,94303.35529477043,84423.71033022956,3196.7879464285716,10.789942656390972,False,0
2025-12-09,92691.7109375,94601.5703125,89586.9765625,90639.703125,66861721440,90825.2416536833,91571.51576899474,96961.99082360613,61.24465130393402,0,-1757.4324367234804,-2641.8054642338284,884.373027510348,89424.81875,94502.94696148096,84346.69053851905,3388.8370535714284,9.206353493803784,False,0
2025-12-10,92020.9453125,94477.15625,91640.1328125,92695.234375,65420694513,91042.64231892269,91614.31858266192,96768.22433297453,53.53006603846309,0,-1532.1455622227804,-2419.873483831619,887.7279216088386,89694.27109375,94720.04596615848,84668.49622134151,3286.8917410714284,7.743022118542354,False,0
2025-12-11,92511.3359375,93554.265625,89335.296875,92011.3046875,64532834621,91309.67752230036,91699.74880693221,96601.28753315199,52.918126290788734,0,-1299.0589233721112,-2195.7105717397176,896.6516483676064,90065.303515625,94743.7430517193,85386.8639795307,3459.0993303571427,6.687287548324583,False,0
2025-12-12,90270.4140625,92747.9296875,89532.6015625,92513.6640625,80275884583,91120.72052960939,91563.62168841486,96353.01798528328,48.58210308258947,0,-1280.4000946615124,-2012.6484763240767,732.2483816625643,90346.40625,94268.95764604864,86423.85485395136,3495.0535714285716,6.381899216820777,False,0
2025-12-13,90298.7109375,90647.5703125,89800.9921875,90257.796875,64237748110,90971.26424013496,91443.15399785154,96115.59417948786,48.78938475640623,0,-1248.9325995787221,-1859.905300975006,610.9727013962838,90521.09140625,94073.28624392964,86968.89656857034,3489.2784598214284,6.057717022848285,False,0
2025-12-14,88175.1796875,90498.109375,87634.9375,90296.4375,50465972205,90462.88523056495,91131.91834924663,95804.2053758805,45.47257090340739,0,-1379.4442333505576,-1763.8130874501162,384.3688540995586,90516.322265625,94081.4718623456,86951.1726689044,3581.5954241071427,6.427763262831236,False,0
2025-12-15,86419.78125,89983.921875,85304.078125,88171.078125,45559514323,89727.77541591677,90683.14338741361,95436.18874349302,50.22129244929955,0,-1606.0085598572623,-1732.2521819315457,126.2436220742834,90470.216796875,94226.92316759138,86713.51042615862,3449.01953125,5.569934857925692,False,0
2025-12-16,87843.984375,88170.09375,85381.6875,86424.40625,41262178223,89385.2679539319,90412.74729099327,95138.45523884623,40.56751767134988,0,-1651.6024859253957,-1716.1222427303157,64.51975680492001,90336.49765625,94272.11544877963,86400.87986372036,3211.445870535714,5.579684638621329,False,0
2025-12-17,86143.7578125,90264.5703125,85316.265625,87847.6171875,44243392914,88795.90247367155,90006.17686447011,94785.7220064405,29.611655092912173,1,-1804.1331510964374,-1733.72442440354,-70.40872669289729,90079.416796875,94406.32289977912,85752.51069397088,3350.297433035714,5.840661138475453,False,0
2025-12-18,85462.5078125,89412.6640625,84436.3125,86144.3671875,52667115348,88189.8307170949,89573.44647856819,94420.10576354088,30.811071902002865,0,-1957.4220408903202,-1778.4639477008961,-178.95809318942406,89806.57890625,94576.03755887214,85037.12025362786,3487.026785714286,6.339510043286574,False,0
2025-12-19,88103.3828125,89339.1171875,85107.6640625,85476.1328125,46733310561,88174.11291625946,89433.44041513313,94172.39113800987,46.285910769683994,0,-1844.545278866819,-1791.680213934081,-52.86506493273805,89669.16015625,94470.09306923697,84868.22724326303,3464.237723214286,6.026615085921996,False,0
2025-12-20,88344.0,88497.203125,87924.875,88101.671875,14688196659,88205.00147693955,89329.68418512045,93943.82677965655,47.3346778968825,0,-1715.8940768100583,-1776.5229865092765,60.628909699218184,89566.64453125,94389.88998626843,84743.39907623157,3411.1328125,5.7089842806490365,False,0
2025-12-21,88621.75,89027.953125,87613.203125,88344.703125,19845522660,88280.7739356778,89262.26188177566,93735.1178863367,44.613953365494844,0,-1573.3879318731488,-1735.895975582051,162.50804370890228,89681.653515625,94283.72026134266,85079.58676990734,3230.6662946428573,5.72133888755164,False,0
2025-12-22,88490.015625,90501.9296875,87908.0703125,88621.3984375,38047472118,88318.81787919093,89188.7146192256,93529.4276015784,43.467441644086364,0,-1454.316196587839,-1679.5800197832089,225.26382319536992,89538.644140625,94099.9746601315,84977.31362111849,3228.640066964286,5.676745921001985,False,0
2025-12-23,87414.0,88898.3828125,86606.9765625,88490.03125,43683011533,88154.30553751985,89019.69417929936,93289.60691132043,32.955306397105915,0,-1430.2889758191595,-1629.7218109903993,199.43283517123973,89232.95390625,93477.05884521666,84988.84896728334,3034.1266741071427,5.9183744541744305,False,0
2025-12-24,87611.9609375,87956.8828125,86411.796875,87404.3203125,25550297986,88055.69742842532,88885.62434674705,93066.95412803335,35.31236629269394,0,-1379.372885036646,-1579.6520257996488,200.27914076300272,89006.470703125,93076.91319371574,84936.02821253426,2941.8454241071427,6.531304592484934,False,0
2025-12-25,87234.7421875,88501.7890625,86949.2578125,87608.3203125,19953216347,87906.43283916617,88728.3974744378,92838.23993428695,32.28855481337273,0,-1353.8535360185924,-1534.4923278434376,180.63879182484516,88898.819921875,93040.069493987,84757.57034976299,2751.3856026785716,6.665068941745239,False,0
2025-12-26,87301.4296875,89459.4296875,86628.140625,87235.5078125,42455674908,87796.43226613595,88592.49578044373,92621.11012068746,38.331083661981864,0,-1313.1114131580543,-1490.216144906361,177.10473174830668,88800.27265625,92997.51821873877,84603.02709376124,2723.9542410714284,6.470085623325565,False,0
2025-12-27,87802.15625,87874.78125,87182.9765625,87301.4296875,13741199310,87797.47299047487,88517.2253489729,92432.13153752325,40.53919307555346,0,-1226.2827146131021,-1437.4294588477092,211.146744234607,88670.0984375,92818.91583353985,84521.28104146014,2712.898995535714,6.27535586590209,False,0
2025-12-28,87835.8359375,87986.890625,87394.953125,87799.34375,15156557929,87804.44807175217,88452.33111930882,92251.88465124782,48.472022491198544,0,-1141.593101484017,-1378.2621873749708,236.66908589095374,88529.880078125,92586.88740541687,84472.87275083314,2550.66796875,5.6347813957330315,False,0
2025-12-29,87138.140625,90299.15625,86717.9140625,87835.7890625,48411625849,87683.30126325176,88327.17011985084,92051.34566982633,53.575122281235174,0,-1117.8878386166616,-1326.1873176233091,208.29947900664752,88252.2015625,91843.29318945456,84661.10993554545,2472.1964285714284,6.547941397580411,False,0
2025-12-30,88430.1328125,89297.9375,86735.546875,87134.3515625,35586356225,87819.08881766052,88336.97609057934,91909.3373224802,52.95603708924886,0,-983.5109728246898,-1257.6520486635854,274.14107583889563,88072.6609375,91199.42970695125,84945.89216804874,2456.0524553571427,7.1452713690294445,False,0
2025-12-31,87508.828125,89080.2890625,87130.5625,88429.5859375,33830210616,87762.67778263133,88258.10485576226,91736.76833434372,57.47123389589898,0,-940.5162413885264,-1194.2248872085736,253.7086458200472,87822.535546875,90153.2937888842,85491.77730486581,2241.8683035714284,7.455308842905074,False,0
2026-01-01,88731.984375,88803.2265625,87399.40625,87508.046875,18849043990,87938.91534488018,88303.23623854682,91618.93366927141,66.89230481089587,0,-798.5390587375296,-1115.0877215143648,316.5486627768353,87745.6140625,89824.11104305545,85667.11708194454,1986.6875,7.997826490060971,False,0
2026-01-02,89944.6953125,90884.4609375,88298.6171875,88733.0625,46398906171,88303.60261172014,88459.5656741614,91553.27726312351,61.16048428645029,0,-581.4627404640923,-1008.3627253043104,426.89998484021805,87727.91328125,89719.05679846373,85736.76976403627,1869.1439732142858,9.592053151998885,False,0
2026-01-03,90603.1875,90679.5703125,89328.0703125,89945.0546875,20774828592,88721.70895504375,88663.72013376508,91516.01884104023,63.03308478878521,0,-352.23305460355186,-877.1367911641587,524.9037365606068,87849.313671875,90215.94542906412,85482.68191468589,1924.799107142857,11.131973528084432,False,0
2026-01-04,91413.4921875,91712.5859375,90595.1015625,90603.0,26770491368,89211.12408821762,88925.60318650174,91511.99818796023,65.17304016189422,0,-103.98340480279876,-722.5061138918868,618.522709089088,88098.99921875,90852.65481781831,85345.34361968169,1903.5658482142858,12.666446045105948,False,0
2026-01-05,93882.5546875,94762.0703125,91414.625,91414.625,53376407252,90060.47510626895,89397.69380564443,91604.96118794217,73.37061372471875,-1,288.6614308508142,-520.2726049433466,808.9340357941608,88400.927734375,92172.81001529902,84629.04545345098,1957.474330357143,14.709391659095285,False,0
2026-01-06,93729.03125,94395.296875,91286.546875,93876.9453125,52430605257,90727.48531422004,89810.20213367831,91688.25805312091,79.74714755295298,-1,580.7526782335481,-300.0675483079676,880.8202265415157,88780.19140625,93084.30836028053,84476.07445221947,2015.8560267857142,16.36037391728026,False,0
2026-01-07,91308.0546875,93738.7890625,90601.8046875,93727.46875,43461295053,90833.04338208912,89952.8547578518,91673.3481172142,64.39565629100221,0,609.854497513661,-118.08313914364192,727.937636657303,89072.46875,93219.00327030626,84925.93422969374,2129.563058035714,17.702445585562195,False,0
2026-01-08,91027.125,91485.8515625,89233.875,91309.640625,42386697030,90868.33094898201,90055.16620948496,91648.0060341862,64.88231193117332,0,603.2948139295331,26.192451470993092,577.10236245854,89218.655859375,93427.02960680785,85010.28211194214,2179.5234375,19.01323941970673,False,0
2026-01-09,90513.1015625,91910.671875,89625.3828125,91026.2734375,38305906684,90803.74378780345,90098.7791002483,91603.49997647302,62.175959548330766,0,550.27558745844,131.0090786684825,419.26650878995747,89327.1109375,93552.34247441243,85101.87940058755,2140.5234375,20.403649008036403,False,0
2026-01-10,90386.6484375,90713.03125,90283.3984375,90510.1015625,12385895282,90727.90826956645,90126.1952276056,91555.780308278,60.08440274571082,0,492.3779318191664,203.28284929861928,289.0950825205471,89415.355859375,93652.26398365342,85178.44773509659,2121.796875,21.807461942818854,False,0
2026-01-11,90827.4609375,91155.2265625,90212.0234375,90385.359375,17165568977,90746.00875464527,90192.98243807173,91527.21876432594,61.31353909134313,0,476.5699060981715,257.9402606585297,218.62964543964176,89532.228125,93790.5625739886,85273.89367601139,2146.887276785714,23.308243736733182,False,0
2026-01-12,91192.9921875,92395.5234375,90055.0234375,90825.859375,41346275358,90827.27846970977,90288.2214618268,91514.11183974454,65.72955831126535,0,487.9128927145066,303.93478706972513,183.97810564478146,89721.177734375,93918.69369431947,85523.66177443053,2058.2628348214284,23.651963295825627,False,0
2026-01-13,95321.78125,96011.625,90941.9296875,91185.3359375,54980674354,91644.4607933989,90767.60810831949,91663.43220877417,71.91154020220205,-1,820.6016776108881,407.26816517795777,413.3335124329304,90106.66875,94866.96095447442,85346.37654552558,2237.356026785714,24.69180671904969,False,0
2026-01-14,96929.328125,97860.6015625,94583.046875,95322.90625,60592490863,92605.34576278091,91354.43858609858,91869.93793097911,78.69949009318461,-1,1200.1410554914182,565.84274324065,634.2983122507683,90591.398046875,96044.32160524561,85138.47448850438,2332.2008928571427,26.41066437529849,True,0
2026-01-15,95551.1875,97150.171875,95103.2421875,96931.2890625,53086363027,93140.95335136619,91754.1289588511,92014.30065917602,70.58031306027405,-1,1373.8870019164024,727.4515949758005,646.4354069406019,91003.8859375,96653.49658545766,85354.27528954235,2378.137276785714,27.750776592427034,True,0
2026-01-16,95525.1171875,95801.890625,94259.2734375,95554.1015625,33248170537,93574.4376852087,92113.27069491289,92151.97973871813,68.14103957690362,0,1492.276228438379,880.4165216683161,611.8597067700628,91390.033984375,97172.38881321243,85607.67915553757,2303.62109375,27.883464453895613,True,0
2026-01-17,95099.921875,95598.4765625,95005.6171875,95525.15625,16021715122,93851.79844698893,92397.71366444501,92267.58531268997,64.84329467491756,0,1534.1066091500397,1011.154539164661,522.9520699853788,91753.23828125,97508.08662019964,85998.38994230036,2249.4324776785716,28.11363421209387,True,0
2026-01-18,93634.4296875,95491.5078125,93588.8671875,95101.1796875,20809781232,93812.27685435457,92515.4961428312,92321.18705287861,57.02715048899357,0,1432.4916433640028,1095.4219600045294,337.0696833594734,92078.052734375,97457.1838190005,86698.9216497495,2305.515066964286,27.60015186652334,True,0
2026-01-19,92553.59375,93660.828125,92089.25,93655.671875,39195241508,93583.42538083554,92519.12448637107,92330.30104100102,45.39013665338235,0,1250.3335567126778,1126.4042793461592,123.92927736651859,92284.22578125,97383.4551619867,87184.99640051331,2178.586495535714,25.742020253709057,True,1
2026-01-20,88310.90625,92798.4296875,87814.9296875,92553.6015625,53072968031,92624.78553886544,92118.34179719287,92172.67771586373,35.359176438897066,0,754.9202858979552,1052.1074806565184,-297.18719475856324,92324.3296875,97275.90243442998,87372.75694057,2312.4972098214284,23.82470475862428,False,0
2026-01-21,89376.9609375,90430.40625,87231.5703125,88326.5078125,56330422434,92034.27197498082,91857.25790579355,92063.04176377103,44.36951712424876,0,443.21430479356786,930.3288454839283,-487.1145406903604,92356.578515625,97217.20622340083,87495.95080784918,2316.9151785714284,22.133306616013382,False,0
2026-01-22,89462.453125,90258.9609375,88438.4453125,89378.5234375,35549685694,91566.66854771158,91629.1812600037,91961.05789558394,45.385299539170504,0,200.76923136656114,784.4169226604548,-583.6476912938937,92332.46640625,97247.94649640481,87416.98631609518,2286.0965401785716,20.64253106037743,False,0
2026-01-23,89503.875,91100.25,88486.359375,89462.046875,38997586037,91191.61517540038,91426.77114000333,91864.69778203162,46.93812345728172,0,11.835728181671584,629.9006837646982,-618.0649555830266,92277.50078125,97297.86637631727,87257.13518618273,2309.5680803571427,19.152972727771516,False,0
2026-01-24,89110.734375,89811.609375,89044.2890625,89506.1484375,14558687712,90813.27321169122,91206.196210003,91756.69921704999,46.19066700938543,0,-167.68562164330797,470.38342268309697,-638.069044326405,92162.362890625,97368.35336331317,86956.37241793681,2333.6886160714284,17.647604099472968,False,0
2026-01-25,86572.21875,89193.1484375,86003.7109375,89104.765625,36124986722,90042.17240047464,90764.86502333605,91553.38625755784,38.70983923464098,0,-508.92797553303535,274.5211430398705,-783.4491185729058,91796.84609375,97497.34839714202,86096.34379035799,2494.1339285714284,16.786582801767715,False,0
2026-01-26,88267.140625,88743.0703125,86429.2890625,86566.5234375,45329286974,89719.43935038833,90526.9865092088,91424.51387981047,42.74856901434413,0,-635.2759040730598,92.56173361728443,-727.8376376903442,91523.7515625,97356.30214089439,85691.2009841056,2492.2254464285716,16.37255363067633,False,0
2026-01-27,89102.5703125,89427.125,87228.921875,88257.4765625,38744942267,89607.28134349955,90391.32782380795,91333.45726932772,31.579198254688976,0,-660.3828712588584,-58.02718735794414,-602.3556839009142,91413.47734375,97345.74335479076,85481.21133270924,2287.1188616071427,16.007070258433814,False,0
2026-01-28,89184.5703125,90439.2890625,88721.4609375,89104.046875,39807419296,89530.42479240871,90276.39853701672,91249.18719258938,24.781644891785305,1,-665.9865307775472,-179.61905604186475,-486.36747473568244,91321.349609375,97335.54270227787,85307.15651647213,2175.7098214285716,15.61796536965977,False,0
2026-01-29,84561.5859375,89200.78125,83250.6015625,89169.8515625,64653083162,88626.99954606166,89732.13067039609,90986.92831984078,20.458444971524656,1,-1031.572350562521,-350.00971494599605,-681.562635616525,91023.773828125,97752.81655720565,84294.73109904437,2454.5133928571427,16.171932930962765,False,0
2026-01-30,84128.65625,84602.1640625,81071.4765625,84562.7265625,72083816087,87809.11894677773,89198.46643988218,90717.97647396468,20.02051864660784,1,-1340.7798784503393,-548.1637476468647,-792.6161308034746,90710.87421875,98112.98871861621,83308.7597188838,2596.5184151785716,17.39006566519439,False,0
2026-01-31,78621.1171875,84136.921875,75815.8828125,84126.5,70479259159,86138.5731723636,88191.0998444172,90243.5898352798,15.796629034564859,1,-2007.1047912860813,-839.9519563747081,-1167.1528349113732,90100.55703125,99265.22099905107,80935.89306344894,3148.53125,18.865098562585164,False,0
2026-02-01,76974.4453125,79322.609375,75698.8984375,78626.125,53372509744,84472.36810693385,87122.84703185367,89723.23122654334,15.678707542554022,1,-2637.6396755159512,-1199.4895002029568,-1438.1501753129944,89389.6296875,100247.08506761889,78532.17430738111,3271.46484375,20.59820302704639,False,0
2026-02-02,78688.765625,79258.609375,74551.3359375,76968.875,75140589684,83420.80401930951,86319.6011835819,89290.50708530635,22.16357365720893,1,-2964.835019422375,-1552.5586040468406,-1412.2764153755343,88557.97890625,100032.76418260913,77083.19362989088,3495.4430803571427,23.06694507470065,False,0
2026-02-03,75633.546875,79118.8515625,72897.140625,78693.5078125,68249110822,82004.93908398051,85301.8817256217,88754.94001823552,23.27328187948204,1,-3431.1185080166033,-1928.2705848407934,-1502.84792317581,87493.18984375,99630.31646151036,75356.06322598965,3583.88671875,24.919500440257185,False,0
2026-02-04,73019.703125,76864.65625,71779.9296875,75640.09375,67215363944,80371.25981871133,84132.15043032439,88137.87190477531,17.62789024960054,1,-3965.8510160831065,-2335.786671089256,-1630.0643449938507,86366.615625,99496.64431945301,73236.586930547,3718.593191964286,26.781476299952296,True,0
2026-02-05,62702.09765625,73161.5546875,62353.53515625,73016.375,125509410908,77158.684880082,82091.19302326969,87140.3905616959,12.305687778794493,1,-5162.662949926293,-2901.1619268566633,-2261.5010230696294,84725.4646484375,100890.0951957453,68560.83410112969,4360.557756696428,29.69213943104071,True,0
2026-02-06,70555.390625,71681.3046875,60074.203125,62704.453125,114674259489,75958.08592461255,80992.54517581544,86489.99840731567,28.12378404384107,1,-5415.028838479469,-3403.9353091812245,-2011.093529298245,83498.2380859375,100068.2968022319,66928.1793696431,5002.929966517857,32.61173002818869,True,0
2026-02-07,69281.96875,71611.1484375,67364.4453125,70553.796875,62347107663,74744.24643831936,79877.25218288063,85815.17371487191,27.563531255254233,1,-5652.625181779207,-3853.6732837008212,-1798.951898078386,82280.6150390625,99287.73635743391,65273.49372069108,5251.457310267857,35.388008773314674,True,0
2026-02-08,70264.7265625,72206.90625,68852.8984375,69283.7265625,39721722619,73929.78827907947,78961.77355236819,85205.35225791615,30.8745383924108,0,-5695.962147392638,-4222.131056439184,-1473.831090953454,81166.1716796875,98259.77244023855,64072.570919136444,5263.212332589285,37.10168803493813,True,0
2026-02-09,70120.78125,71369.96875,68291.03125,70243.328125,52081598792,73237.24154651955,78119.77428547599,84613.80045368415,27.91444351621027,1,-5676.487177888703,-4513.002280729088,-1163.4848971596148,80256.6654296875,97682.1007008712,62831.2301585038,5317.866350446428,38.58846110598142,True,0
2026-02-10,68793.9609375,70464.265625,67913.09375,70137.390625,40593063077,72429.37234487964,77231.60158566876,83993.41459030438,25.574967362844546,1,-5702.382914141868,-4750.878407411644,-951.5045067302244,79227.5154296875,96815.47981343526,61639.551045939734,5343.078404017857,39.4121227785198,True,0
2026-02-11,66991.96875,69242.6796875,65757.3046875,68791.859375,49671946030,71440.75350944696,76256.39845846221,83326.69122401794,24.369499280706407,1,-5801.435840247446,-4960.9898939788045,-840.4459462686418,78103.9912109375,95809.51727396404,60398.46514791095,5469.331752232143,40.178769814928636,True,0
2026-02-12,66221.84375,68339.4921875,65092.109375,66992.1953125,44651071271,70491.86082591115,75300.72658146582,82655.91289170351,26.750105281256452,1,-5874.362653119359,-5143.664445806916,-730.6982073124427,76939.8896484375,94550.78508861718,59328.99420825783,5276.274832589285,39.69279285296155,True,0
2026-02-13,68857.84375,69382.8359375,65835.78125,66213.375,40820775886,70194.76681210911,74687.11869275478,82114.81214104847,31.664854724104785,0,-5654.2755389521335,-5245.786664435959,-408.4888745161743,75927.2451171875,92909.36145102787,58945.12878334713,5277.443917410715,38.798246747310486,True,0
2026-02-14,69767.625,70481.1640625,68706.6171875,68856.984375,36012397645,70117.1046644529,74218.59548392099,81630.60872375246,38.05061176390203,0,-5344.831283818799,-5265.595588312527,-79.23569550627235,75087.0154296875,91505.03534283928,58668.99551653571,4809.837332589285,37.14404819317548,True,0
2026-02-15,68788.1875,70939.2890625,68052.546875,69764.953125,40191152750,69875.4833618251,73701.4137711666,81126.98436203667,38.7485138912512,0,-5119.611211747746,-5236.398712999571,116.78750125182523,74113.0677734375,89518.85682381508,58707.27872305993,4757.196707589285,35.898822742387296,True,0
2026-02-16,68843.15625,70067.234375,67301.5859375,68782.3984375,33618145426,69687.78752331145,73238.72257867454,80645.26561254504,35.82109283427606,0,-4880.428620105216,-5165.2046944207,284.77607431548404,73100.0970703125,86940.70616434784,59259.487976277174,4618.509207589285,34.915588313774194,True,0
2026-02-17,67494.21875,69201.8671875,66615.28125,68843.09375,34866936040,69288.95683725481,72691.62697594363,80129.5382846021,37.6725146752397,0,-4745.024981409719,-5081.1687518185045,336.1437704087857,72015.5794921875,83795.25610435357,60235.902880021444,4358.857421875,34.373663920034474,True,0
2026-02-18,66425.3203125,68434.4296875,65845.8984375,67488.0234375,33094301643,68768.29565093575,72094.83586513947,79592.11797197064,39.52207625706881,0,-4670.133402159292,-4998.961681886662,328.8282797273696,71108.7662109375,81536.62589538997,60680.906526485014,4180.557756696428,33.882815780179506,True,0
2026-02-19,66957.5234375,67277.125,65637.4296875,66425.625,31492987019,68439.06433940197,71605.5680148881,79096.6436765012,59.81300514652008,0,-4515.78181981598,-4902.325709472526,386.5438896565456,70250.2095703125,78827.89314211062,61672.525998514364,3525.6774553571427,31.660873793003564,True,0
2026-02-20,68005.421875,68269.03125,66452.484375,66958.578125,47507867304,68360.22025496524,71262.69695394638,78661.69380193253,41.42993677400382,0,-4259.796154078998,-4773.819798393821,514.0236443148224,69719.4248046875,77380.96843832539,62057.881171049616,2826.352120535714,29.16201476648854,True,0
2026-02-21,68003.765625,68657.703125,67533.0703125,68000.25,18357635642,68295.4103222443,70952.32254166577,78243.7358342097,45.30259650621822,0,-4010.8250210477127,-4621.220842924599,610.3958218768867,69270.8908203125,76154.9830960241,62386.79854460091,2603.347098214286,26.779678114473192,True,0
2026-02-22,67659.390625,68235.2265625,67185.6015625,67998.828125,17893536012,68179.77037729078,70638.70997817379,77828.66347306421,39.954005980307045,0,-3797.526269857408,-4456.481928311161,658.9556584537531,68719.4220703125,74009.41584377667,63429.42829684833,2438.7483258928573,24.989549582523885,False,0
2026-02-23,64616.73828125,67668.4296875,63924.4375,67668.4296875,50953457309,67531.94635982881,70065.18886418105,77310.54875965974,32.65432039493494,0,-3829.8539164905524,-4331.1563259470395,501.3024094564871,68168.581640625,72661.44266707696,63675.720614173035,2486.2522321428573,23.711083958473825,False,0
2026-02-24,64080.04296875,64992.15625,62553.1875,64616.015625,40849331086,66904.32756145085,69495.1749693781,76791.70539531035,34.365758666141204,0,-3854.3500871690485,-4235.7950781914415,381.44499102239297,67721.5986328125,71953.54340396971,63489.653861655286,2478.237723214286,22.552109797726125,False,0
2026-02-25,67960.125,69953.53125,63942.484375,64077.76953125,53629234355,67096.29073209614,69348.97973419924,76445.36890921975,52.82200234552016,0,-3520.095812846863,-4092.6552251225257,572.5594122756629,67984.5,71495.34352709666,64473.65647290334,2658.6428571428573,19.690828418569946,False,0
2026-02-26,67453.7734375,68843.3515625,66523.734375,67954.8671875,42988597523,67161.28758762412,69168.48389641836,76092.75732209349,53.64693382524358,0,-3258.493348630378,-3925.822849824096,667.329501193718,67829.419140625,71129.81134731433,64529.02693393568,2592.3738839285716,17.229195089300113,False,0
2026-02-27,65881.796875,68220.40625,64946.03515625,67456.515625,40283655942,66928.65291260155,68855.4660848547,75692.32750063884,40.597551385509426,0,-3141.800165427936,-3769.018312944864,627.2181475169282,67659.410546875,70994.86822377224,64323.95286997777,2572.896484375,15.427717568205887,False,0
2026-02-28,66995.859375,67714.5234375,63062.21875,65878.9296875,42041497112,66940.87226940127,68678.36068391617,75351.28953492752,41.354548179339275,0,-2925.6988091818203,-3600.3544121922555,674.6556030104352,67495.9671875,70606.67616322004,64385.258211779976,2778.450613839286,14.59847483119672,False,0
2026-03-01,65738.1015625,68162.8203125,65076.73046875,67005.8828125,40733141929,66722.1866863283,68398.33600568605,74974.30177130291,40.648793527154616,0,-2823.381289368699,-3444.9597876275443,621.5784982588452,67276.833203125,70222.0692389138,64331.5971673362,2792.6897321428573,13.485718199779198,False,0
2026-03-02,68775.8515625,70044.0,65303.13671875,65734.078125,56698092052,67095.5803001777,68434.28986823976,74731.22529252633,49.82555686137612,0,-2468.7150696932513,-3249.710844040686,780.9957743474347,67275.927734375,70219.21039110828,64332.64507764172,2933.7765066964284,11.867578938221596,False,0
2026-03-03,68293.6484375,69232.890625,66237.6171875,68785.078125,47947999049,67313.41087059992,68420.89544626455,74478.77129821158,52.16946721937089,0,-2201.1755164467613,-3040.003778521901,838.8282620751397,67341.01171875,70315.26049651229,64366.76294098771,2962.9684709821427,10.130849514139337,False,0
2026-03-04,72710.578125,74051.8046875,67437.40625,68290.5625,75073101274,68294.71400776357,68829.43665376316,74409.43038945818,64.43387472496244,0,-1614.132466707233,-2754.8295161589676,1140.6970494517345,67665.4484375,71434.95944226564,63895.93743273437,3250.5304129464284,8.98799931959338,False,0
2026-03-05,70841.125,73555.7890625,70654.8828125,72712.65625,51172841727,68757.69782453383,69021.02602007143,74269.49684477354,58.40248338438031,0,-1284.9339452109416,-2460.8504019693623,1175.9164567584207,67764.6125,71763.56519431472,63765.659805685274,3340.6169084821427,8.83703157882553,False,0
2026-03-06,68136.4921875,71378.5703125,67757.8203125,70842.15625,43776962871,68644.75134507313,68936.78470268367,74028.9868582138,50.26461126732662,0,-1228.1259382527496,-2214.3055092260397,986.1795709732901,67683.055859375,71575.1102028105,63791.00151593951,3469.4885602678573,8.447893642398155,False,0
2026-03-07,67272.59375,68515.1640625,66969.2578125,68136.6875,23258701211,68395.26814596892,68778.2903262376,73764.03026573482,48.57353583566353,0,-1238.5374783766456,-2019.1519030561608,780.6144246795152,67607.276171875,71467.62045124703,63746.931892502966,3499.579520089286,7.91891790292837,False,0
2026-03-08,65969.78125,68177.7890625,65639.1953125,67272.5,33195080116,67954.27052852002,68510.81327135782,73458.37344158837,46.822520421407226,0,-1336.5083433925029,-1882.6231911234293,546.1148477309264,67463.607421875,71344.10931954673,63583.10552420327,3605.9344308035716,7.295693281056066,False,0
2026-03-09,68402.3828125,69474.9453125,65858.0078125,65969.5859375,49499875378,68035.74548924365,68500.48656099041,73260.09929927117,57.28647334314261,0,-1203.9815934090002,-1746.8948715805436,542.9132781715434,67509.015625,71412.21337548541,63605.81787451458,3596.8590959821427,6.496445793847164,False,0
2026-03-10,69926.921875,71770.8984375,68402.71875,68402.71875,54003996096,68379.59574119934,68636.33754327704,73129.38645910367,60.84158704851317,0,-964.8138544656977,-1590.4786681575745,625.6648136918768,67684.095703125,71695.26011355045,63672.93129269955,3663.255301339286,5.990096049585493,False,0
2026-03-11,70204.8828125,71337.6640625,68998.8671875,69931.25,45236859848,68711.46611779946,68785.72280701256,73014.7000415898,54.804101716962805,0,-744.2631710546557,-1421.235568736991,676.9723976823352,67846.463671875,71994.36188164844,63698.56546210156,3400.951729910714,6.285522956444808,False,0
2026-03-12,70493.4609375,70775.828125,69230.15625,70209.765625,40871848129,69035.46517592683,68948.36453372565,72915.82791986078,56.56657372965456,0,-539.9649427861295,-1244.9814435468188,705.0165007606893,67970.865625,72284.75610987515,63656.975140124865,3345.669921875,6.545299008403739,False,0
2026-03-13,70968.265625,73927.328125,70410.7265625,70497.046875,61167226505,69386.88343939467,69140.73606622797,72839.45292790545,61.534997175903975,0,-335.87262428188114,-1063.1596796938313,727.2870554119502,68119.090625,72636.65294242429,63601.528307575696,3362.972098214286,7.1727261150686035,False,0
2026-03-14,71214.625,71291.203125,70339.5859375,70965.3828125,22283546496,69719.20008677746,69338.24929801578,72775.73418563466,59.95918225826203,0,-152.49102717135975,-881.0259491893371,728.5349220179774,68296.85234375,73013.64827988368,63580.056407616314,3098.637276785714,7.673600952345773,False,0
2026-03-15,72789.9140625,73173.0078125,70882.421875,71213.6796875,27991268669,70277.51171872701,69666.9792755857,72776.29025923723,66.40123268355791,0,118.58588754112134,-681.1035818432455,799.6894693843668,68705.5111328125,73495.48097158755,63915.54129403746,3041.8155691964284,8.648240049297641,False,0
2026-03-16,74861.0859375,74901.859375,72300.6328125,72798.171875,55572438409,71110.88884941301,70161.65610052993,72858.04695250242,64.81945572256905,0,494.83836758603866,-445.9151919573887,940.7535595434274,69244.56328125,74263.84617367544,64225.280388824554,2888.984375,10.180309812890844,False,0
2026-03-17,73922.4765625,75988.3984375,73444.2265625,74855.296875,49500721728,71622.08661542882,70519.82947786042,72899.78929014939,63.409863989892855,0,709.1090685604286,-214.91033985382523,924.0194084142538,69542.680859375,74935.13782781443,64150.22389093558,2856.7628348214284,12.047159777667735,False,0
2026-03-18,71245.578125,74658.9765625,70503.859375,73936.8515625,46229011155,71553.63052625995,70588.94839663562,72834.91826406511,46.19433257539288,0,655.3622031579143,-40.855831251477326,696.2180344093916,69732.27109375,75081.95378938597,64382.58839811403,2681.0998883928573,11.937191571500787,False,0
2026-03-19,69912.7890625,71598.84375,68805.5234375,71250.3515625,44631433398,71255.29571466723,70524.55226957508,72720.32496204296,47.51927034685997,0,499.46496512848535,67.20832802451523,432.2566371039701,69933.820703125,74967.07304939673,64900.568356853284,2673.4151785714284,11.493621437113402,False,0
2026-03-20,70522.5859375,71346.796875,69398.8828125,69911.53125,38299078407,71122.07575518228,70524.36499985364,72634.13911794322,57.18006151786059,0,420.27611094442545,137.82188460849727,282.4542263359282,70110.15703125,74953.55462807145,65266.759434428546,2553.9268973214284,12.244667412749607,False,0
2026-03-21,68711.5234375,71051.2734375,68602.9140625,70522.46875,21109354718,70683.79351560367,70351.71342248663,72480.3110520435,54.09641657240185,0,208.97186779801268,152.05188124640037,56.91998655161231,70258.828125,74703.27164258243,65814.38460741757,2618.3878348214284,13.139644741562138,False,0
2026-03-22,67845.2109375,69561.7734375,67372.875,68737.4453125,30108051508,70167.6875923121,70112.99890010695,72298.54242010061,55.47514012006969,0,-28.06888529731077,116.02772793765816,-144.0966132349689,70212.29609375,74740.80567089471,65683.7865166053,2593.409598214286,13.92399109074701,False,0
2026-03-23,70914.859375,71782.2578125,67458.84375,67843.0,51508669357,70303.53700734625,70189.36656438248,72244.2803399006,57.07189252734117,0,31.407538320854655,99.10369001429746,-67.6961516934428,70343.356640625,74789.0285559831,65897.68472526691,2643.8722098214284,14.505559028514986,False,0
2026-03-24,70517.859375,71371.3046875,68920.6953125,70912.671875,40181522399,70342.50471055602,70220.6515939651,72176.57755696331,51.77605046199852,0,45.97843957929581,88.47863992729714,-42.50020034800133,70233.720703125,74539.53823837597,65927.90316787403,2578.3074776785716,14.158798787700936,False,0
2026-03-25,71309.8828125,71985.7421875,70383.59375,70520.046875,35409791747,70518.39163818219,70324.38790049223,72142.58952776868,53.22150977294551,0,120.05177387487493,94.7932667168127,25.25850715806223,70257.15859375,74581.9586873134,65932.35850018662,2525.6897321428573,14.616582752639982,False,0
2026-03-26,68791.625,71410.390625,68118.3515625,71310.1171875,38962070215,70204.43406760361,70178.41048139773,72011.17915413069,45.60930371681858,0,-24.16833699181734,71.00094597508668,-95.16928296690402,70289.915234375,74556.61883173815,66023.21163701186,2650.430245535714,14.595165551149904,False,0
2026-03-27,66338.375,69117.53125,65532.5703125,68790.8359375,46483453594,69501.51423713022,69812.6928165027,71788.71624612556,39.16146405626574,0,-332.58673340313544,-9.716589900557736,-322.8701435025777,70243.204296875,74666.57312717168,65819.83546657833,2655.313058035714,14.313258758362151,False,0
2026-03-28,66319.6953125,67232.859375,65906.7421875,66338.5,20924883455,68923.00170537927,69480.02638755007,71574.24483696379,38.41754164261939,0,-571.9250334871904,-122.15827861788428,-449.7667548693061,70260.7,74615.13070935784,65906.26929064216,2682.063058035714,13.621069501977278,False,0
2026-03-29,65954.921875,67052.953125,64971.70703125,66319.6953125,21645889785,68383.35082712848,69144.30214825958,71353.87923061226,32.844130606578176,0,-782.0218672170013,-254.1309963377077,-527.8908708792935,70138.326953125,74836.63452193011,65440.01938431988,2667.1102120535716,13.204444753864282,False,0
2026-03-30,66691.4453125,68087.2890625,65759.8046875,65958.3515625,37694994180,68075.73164265057,68910.6967353301,71171.03868480395,28.021614487002722,1,-878.9617121082556,-379.0971394918173,-499.8645726164383,69976.553125,74921.82906452645,65031.27718547356,2647.557198660714,12.867308015896329,False,0
2026-03-31,68233.3125,68495.2734375,65950.4375,66694.5859375,42997691338,68104.3827076232,68846.18395101295,71055.83373638027,35.17588512554266,0,-821.8971230674069,-467.6571362069352,-354.23998686047173,69877.974609375,74882.33546590763,64873.61375284237,2647.6046316964284,12.4467598673416,False,0
2026-04-01,68078.5546875,69230.359375,67555.359375,68232.890625,36465393617,68099.68670396443,68773.07640210696,70939.07769524772,40.498972739029774,0,-780.1674030431896,-530.1591895741861,-250.0082134690034,69757.229296875,74815.30738084282,64699.151212907185,2470.4534040178573,12.725918932646477,False,0
2026-04-02,66888.5703125,68633.1484375,65725.2578125,68077.8984375,39323384518,67879.48372369817,68593.5996316682,70780.2342684733,40.8489766739919,0,-833.5099098271457,-590.8293336247781,-242.68057620236766,69553.24453125,74733.26954094687,64373.21952155313,2478.6369977678573,13.35138517952865,False,0
2026-04-03,66931.1015625,67296.234375,66281.5390625,66889.015625,22815543346,67707.05060348031,68435.26648222361,70629.28788784689,38.74613577588528,0,-862.4109774233657,-645.1456623844956,-217.26531503887009,69339.068359375,74583.67763717625,64094.459081573754,2411.978515625,13.409106065718685,False,0
2026-04-04,67290.515625,67515.015625,66769.640625,66938.6484375,15878814963,67631.31697102934,68326.24259105946,70498.35564224505,45.101670057194625,0,-846.5550114098878,-685.4275321895741,-161.12747922031372,69064.0984375,74120.18833187106,64008.00854312894,2290.3367745535716,13.316923803888614,False,0
2026-04-05,68981.8984375,69087.65625,66610.6328125,67291.1953125,22972648674,67876.87723766037,68388.68600500618,70438.88673225505,53.70737295719408,0,-689.5597708134592,-686.2539799143511,-3.3057908991080467,68770.1390625,73027.70605555458,64512.57206944544,2310.9171316964284,12.57047218397636,False,0
2026-04-06,68859.828125,70305.421875,68347.078125,68982.9140625,39542143229,68055.59558081304,68433.55668310083,70376.96286530388,41.70188307353742,0,-568.4373733853427,-662.6906586085495,94.25328522320683,68517.006640625,72019.86581205358,65014.14746919641,2141.9835379464284,11.916495534821065,False,0
2026-04-07,71940.703125,72732.4296875,67740.5078125,68859.375,44650511480,68761.97877066521,68767.57062994837,70438.28601274294,54.721913115803076,0,-221.29518311105494,-574.4115635090506,353.1163803979956,68551.762890625,72180.16087303478,64923.36490821523,2323.505859375,11.391244101818573,False,0
2026-04-08,71123.359375,72825.1875,70707.46875,71950.1484375,42444631703,69191.32069872608,68991.93146281043,70465.15163479224,49.382033494172866,0,-11.997012006002478,-461.928653208441,449.9316412024385,68612.29140625,72374.21935060411,64850.3634618959,2360.3323102678573,10.613269640345129,False,0
2026-04-09,71767.828125,73107.265625,70486.359375,71120.5703125,38799581473,69659.77659441225,69256.30257349515,70516.2369873494,61.2582112118135,0,203.5303672017326,-328.8368491264063,532.367216328139,68674.553515625,72606.95974858648,64742.14728266352,2312.3942522321427,10.871325612798284,False,0
2026-04-10,72979.046875,73440.1171875,71434.828125,71774.3671875,37722595732,70263.28028179184,69610.84964982895,70612.81776725726,77.72516918757347,-1,466.69285384936666,-169.7309085312517,636.4237623806184,68887.9296875,73266.58239307562,64509.276981924384,2199.560546875,11.381015754929631,False,0
2026-04-11,73054.2734375,73784.234375,72556.3359375,72976.125,23287073965,70770.7335828297,69938.79477246429,70708.56112687463,77.98509497763857,-1,673.5568315208657,-1.0733605208282313,674.6301920416939,69148.3828125,73871.9918017621,64424.7738232379,2192.544921875,11.99620904932382,False,0
2026-04-12,70753.40625,73154.03125,70540.5703125,73056.046875,29882740487,70767.58315867884,70016.37681794388,70710.31975915405,67.17605197396827,0,644.4089263458882,128.02309685251507,516.3858294933731,69140.31015625,73851.74409552698,64428.876216972996,2230.5602678571427,11.797708099064177,False,0
2026-04-13,74484.640625,74896.3125,70588.5234375,70757.6171875,52278211554,71443.41178891905,70441.92575194922,70858.3323421284,72.97083077149811,-1,911.8768832447386,284.7938541309598,627.0830291137788,69338.64921875,74596.54763851463,64080.75079898536,2372.0106026785716,11.542296794450495,False,0
2026-04-14,74181.609375,76061.7578125,73877.203125,74478.3984375,53540826530,71941.26589547923,70798.08609700168,70988.65693165277,68.91421774669553,0,1086.8663579290878,445.20835489058544,641.6580030385023,69482.235546875,75110.5898082739,63853.8812854761,2346.2762276785716,11.333903414886864,False,0
2026-04-15,74805.078125,75409.2734375,73549.203125,74182.0234375,38090174312,72461.95902811937,71179.70438538247,71138.32050786247,70.76969912467632,-1,1261.315831166925,608.4298501458534,652.8859810210715,69782.908203125,75878.9793243395,63686.837081910504,2359.495535714286,11.534095706410692,False,0
2026-04-16,75152.1328125,75506.5703125,73346.265625,74810.875,41312783855,72951.08153437039,71558.03090225082,71295.72491196591,76.91681290537983,-1,1411.3040735194518,769.0046948205731,642.2993786988786,70223.59609375,76541.48285529194,63905.70933220807,2306.0965401785716,12.096374475394427,False,0
2026-04-17,77126.875,78320.6796875,74558.6015625,75164.0390625,54137194839,73710.3167099394,72088.39700679836,71524.39746443783,79.497565035235,-1,1670.2622832142224,949.256212499303,721.0060707149194,70763.955078125,77510.0978993877,64017.81225686229,2502.3381696428573,13.087253013852747,False,0
2026-04-18,75726.2109375,77416.703125,75504.9453125,77136.046875,26014416776,74076.84293313224,72434.855476389,71689.17446338145,73.01860173009008,-1,1742.3815561008669,1107.8812812196159,634.500274881251,71252.51953125,77947.33893372986,64557.70012877014,2585.6512276785716,14.145513729664774,False,0
2026-04-19,73856.3515625,76243.09375,73802.3828125,75723.6953125,30931515195,74036.75359301727,72570.23605601862,71774.16180060178,63.17268455650365,0,1629.866488634827,1212.2783227026582,417.58816593216875,71610.76484375,78039.44452468968,65182.085162810334,2583.0574776785716,15.184676667472685,False,0
2026-04-20,75872.5234375,76575.359375,73775.5703125,73854.25,39674447916,74370.52992837777,72884.7396161597,71934.88186479388,67.19115859742745,0,1683.973904567305,1306.6174390755875,377.3564654917175,71992.725390625,78483.93655618238,65501.51422506762,2643.160714285714,15.772219058092878,False,0
2026-04-21,76352.7734375,76881.4765625,74852.671875,75872.828125,36453522626,74730.93783912726,73215.02855152544,72108.13251470392,62.396519153916636,0,1745.4857101603557,1394.3910932925412,351.09461686781447,72406.436328125,78901.9620474917,65910.91060875829,2431.5094866071427,16.301502457985077,False,0
2026-04-22,78203.1015625,79468.0,76159.578125,76354.21875,48336654537,75362.24033428593,73690.08312399921,72347.15090873514,68.80051484216777,0,1921.3916679878457,1499.7912082316022,421.6004597562435,72972.162890625,79414.86353169639,66529.4622495536,2516.5597098214284,17.428801492062064,False,0
2026-04-23,78268.953125,78676.9375,77014.453125,78203.875,40354900916,75890.73356896121,74126.16598123738,72579.37844662787,67.81133186871895,0,2042.5666408670804,1608.346294758698,434.2203461083825,73539.05546875,79734.11429398927,67343.99664351072,2448.101004464286,17.966940074511466,False,0
2026-04-24,77455.3125,78554.09375,77318.4453125,78263.8203125,32784213526,76175.2024655137,74443.22755445288,72770.59154676012,62.53688012722386,0,2049.321380121546,1696.5413118312676,352.78006829027845,74047.2953125,79730.618005566,68363.97261943402,2393.1266741071427,17.752995703534697,False,0
2026-04-25,77612.015625,77882.640625,77184.6640625,77457.2109375,16702933134,76436.44122178394,74745.016894505,72960.45131453422,62.707081355762384,0,2043.7599991371972,1765.9850492924536,277.77494984474356,74478.801171875,79844.3988818634,69113.20346188662,2355.2751116071427,17.36860218111452,False,0
2026-04-26,78657.5390625,78923.5625,77334.890625,77613.1171875,21482934750,76840.27719282323,75117.63805336166,73183.8665203368,73.69554128133532,-1,2099.5156586322264,1832.6911711604082,266.8244874718182,74968.68671875,79949.49239247285,69987.88104502716,2282.0758928571427,17.969901892815862,False,0
2026-04-27,77366.625,79488.171875,76481.34375,78661.015625,38135631927,76935.97679412809,75331.82728637484,73347.89626463733,60.12060422828109,0,2016.293863693776,1869.4117096670818,146.88215402669425,75239.9828125,80116.33631322348,70363.62931177653,2189.1501116071427,17.952000340046165,False,0
2026-04-28,76350.671875,77483.8671875,75673.6015625,77368.1171875,32056900880,76829.55771792297,75428.86010433914,73465.65217092606,57.25384377429792,0,1847.0692011215579,1864.9432079579772,-17.874006836419312,75501.3484375,79993.920396279,71008.77647872099,2162.4151785714284,17.305267062466687,False,0
2026-04-29,75776.1328125,77884.96875,74958.5703125,76350.6875,41460907886,76638.02591693698,75461.93369559257,73556.25925490935,53.25809274115968,0,1647.6043784382346,1821.475442054029,-173.87106361579436,75701.763671875,79836.42385719507,71567.10348655493,2238.581473214286,16.78336096664918,False,0
2026-04-30,76304.3203125,76611.484375,75318.984375,75778.6328125,29497862305,76577.3521706757,75542.1609924409,73664.02635520702,53.81940739620422,0,1514.6870173223724,1760.1177571076978,-245.4307397853254,75868.02734375,79804.36911608008,71931.68557141992,2176.5954241071427,15.940175488117465,False,0
2026-05-01,78179.0,78894.9765625,76294.6953125,76305.0546875,39164328894,76868.56086691648,75793.28851697034,73841.0841451989,53.51100029303525,0,1542.8351907521428,1716.661243836587,-173.82605308444408,76124.263671875,79955.1761250033,72293.3512187467,2093.609933035714,14.539383719381975,False,0
2026-05-02,78657.25,79119.7890625,78031.9609375,78177.75,16761531851,77193.77707293165,76066.04675344935,74029.9533944068,60.422693993573695,0,1585.4574327184528,1690.4204816129602,-104.96304889450744,76519.455859375,79568.41949876121,73470.49221998878,2034.7578125,13.318085806139559,False,0
2026-05-03,78538.2265625,79402.359375,78073.078125,78656.7265625,20544392639,77438.22243467135,76301.4924495494,74206.74842060653,69.01652744652792,0,1591.2882890143665,1670.5940430932417,-79.30575407887522,76722.13515625,79740.33384243205,73703.93647006796,1955.3699776785713,13.285879108566562,False,0
2026-05-04,79827.90625,80742.359375,78217.9609375,78540.2890625,54325085296,77872.71040109474,76637.34138292565,74427.18598254352,67.0733146690713,0,1680.6027151548624,1672.5957775055658,8.00693764929656,77004.45,80077.85870731958,73931.04129268041,1935.69921875,13.729977200298814,False,0
2026-05-05,80927.0546875,81751.453125,79787.578125,79823.53125,39700107376,78428.04572589569,77045.88550717082,74682.08279450261,68.74333348272307,0,1819.1075942945026,1701.8981408633533,117.20945343114931,77310.548828125,80667.97284627524,73953.12480997476,1931.0613839285713,14.719574348314955,False,0
2026-05-06,81427.53125,82792.2109375,80751.0234375,80930.734375,41751540000,78973.40673027828,77463.18510172598,74946.61018491427,64.85560376322141,0,1946.8162983863294,1750.8817723679485,195.9345260183809,77624.31875,81291.10163556515,73957.53586443486,1840.544642857143,14.878831921625572,False,0
2026-05-07,80009.9921875,81684.953125,79522.65625,81428.8515625,36931193154,79161.8768134095,77705.73815751397,75145.17418501567,57.132916598651214,0,1911.6069954851991,1783.0268169913988,128.5801784938003,77768.474609375,81576.87332515085,73960.07589359915,1876.2455357142858,14.70592878150966,False,0
2026-05-08,80186.765625,80447.265625,79205.515625,80009.625,33789351540,79348.22023369868,77942.02648775073,75342.88365325035,61.806695276187234,0,1876.3382489616924,1801.6891033854577,74.64914557623479,77991.50234375,81818.7176794276,74164.28700807241,1876.681361607143,14.491818551533749,False,0
2026-05-09,80664.3671875,81030.0625,80119.9296875,80187.7421875,18102086996,79587.51967984436,78201.29703058398,75551.56928204445,62.83764024601417,0,1865.422538022045,1814.4357903127752,50.98674770926982,78331.903125,81805.20801178212,74858.59823821788,1891.8353794642858,14.550315136541256,False,0
2026-05-10,82138.9296875,82430.171875,80274.1328125,80665.609375,26965971077,80051.41240850903,78576.30966457598,75809.89714108194,64.13208526098268,0,1953.2408837186667,1842.1968089939535,111.04407472471325,78645.2234375,82309.69820877929,74980.74866622071,1932.361607142857,13.966594402463784,False,0
2026-05-11,81728.296875,82326.234375,80451.421875,82139.046875,32409774919,80356.30049332557,78876.4989227116,76041.9912482944,69.06817346588868,0,1967.0282420710864,1867.1630956093802,99.86514646170622,78913.999609375,82658.18767023153,75169.81154851845,1851.5033482142858,14.199655536867974,False,0
2026-05-12,80477.4921875,81753.03125,79832.1015625,81725.3515625,32186688600,80378.33534681181,79028.97447173906,76215.93246159659,67.67844509013705,0,1855.6347358848288,1864.8574236644702,-9.22268777964132,79027.719140625,82818.85771393222,75236.5805673178,1859.407924107143,14.929528374633232,False,0
2026-05-13,79277.1171875,81276.671875,78725.5078125,80476.7890625,34075428359,80178.11386330056,79052.60711133534,76335.97892143593,64.23426571205316,0,1651.4573764980596,1822.177414231188,-170.7200377331285,79078.12734375,82853.56400082569,75302.69068667432,1832.60546875,15.684298347494643,False,0
2026-05-14,81051.25,82005.9609375,78909.6796875,79276.9453125,43731663431,80336.865888155,79242.95405311293,76520.89151275218,67.52451991271298,0,1614.1955970469135,1780.5810507943331,-166.38545374741966,79257.92421875,83050.41752289348,75465.43091460654,1961.446986607143,16.474439190672708,False,0
2026-05-15,79065.6796875,81634.84375,78635.3671875,81046.8671875,38183347368,80105.74112439954,79226.0707801974,76620.68712744818,53.246823837028,0,1408.2134304165666,1706.1075267187798,-297.89409630221326,79330.607421875,83045.2034357486,75616.0114080014,1989.9609375,16.69050348401842,False,0
2026-05-16,78131.4375,79173.5,77630.734375,79066.0,25895799905,79746.77682905417,79121.81999160718,76679.93224009727,48.13681240560041,0,1156.2569324250653,1596.137407860037,-439.8804754349717,79304.30234375,83046.31728611774,75562.28740138224,2022.4564732142858,16.510954924981732,False,0
2026-05-17,77429.3515625,78539.3984375,76783.4140625,78133.5859375,20900166465,79325.42678058977,78960.6325221684,76709.32123313266,46.22667993772809,0,889.6715451676428,1454.8442353215582,-565.1726901539155,79307.438671875,83042.71461883873,75572.16272491128,2052.9352678571427,15.49968518727604,False,0
2026-05-18,76954.171875,77749.3203125,76029.2265625,77426.34375,41520471808,78894.28952502798,78769.54103196188,76718.92321908825,39.64727828663551,0,632.7635710181494,1290.4281024608765,-657.6645314427271,79337.613671875,82980.93617269062,75694.29117105939,1995.4849330357142,14.391045100514415,False,0
2026-05-19,76750.90625,77346.8671875,76082.3671875,76954.75,26031898332,78504.5834750229,78577.29010034646,76720.17745559459,33.917158837564045,0,408.0564921714831,1113.953780402998,-705.897288231515,79386.35234375,82850.75613465195,75921.94855284804,1945.529575892857,13.366909537526379,False,0
2026-05-20,77457.7734375,77775.5703125,76463.6484375,76749.453125,26668360936,78314.25437729145,78470.66946578966,76749.10278821834,34.95121938217338,0,283.7419867540593,947.9114216732104,-664.1694349191511,79444.025,82725.99864163627,76162.05135836372,1893.439174107143,12.872190174801599,False,0
2026-05-21,77539.171875,78100.5625,76655.4375,77462.5078125,27141485404,78173.33028596573,78381.95540952399,76780.08588966077,39.57766929181603,0,189.60437795972393,796.2500129305131,-606.6456349707892,79412.03359375,82757.78110212689,76066.28608537313,1842.212611607143,12.328705063124385,False,0
2026-05-22,75488.2421875,77819.453125,75323.875,77538.1171875,27859040109,77685.13244988104,78106.36367409314,76729.42535232114,32.88664129587927,0,-49.91781913509476,627.0164465173915,-676.9342656524863,79253.583203125,83023.15488205147,75484.01152419853,1931.771763392857,12.120864831481422,False,0
2026-05-23,76673.3671875,77288.1171875,74255.234375,75488.3125,29973220002,77501.17512944812,77969.88781822711,76727.2269929164,36.17612580383633,0,-142.46891008819512,473.1193751962742,-615.5882852844693,79160.340234375,83093.1396950982,75227.54077365181,2083.3967633928573,12.083572317587569,False,0
2026-05-24,76981.125,77372.5390625,76019.890625,76670.65625,20572738918,77406.62056045755,77875.7199307769,76737.18377750792,30.563528976047948,0,-188.80639049204183,340.734222058611,-529.5406125506529,79018.001171875,83053.78731638408,74982.21502736592,2026.01171875,12.333330187619001,False,0
2026-05-25,77279.9296875,77804.921875,76833.0390625,76981.125,19808387601,77383.58585628345,77818.97800284578,76758.46793084094,33.09446288887952,0,-199.12277311050275,232.76282302478825,-431.885596135291,78835.644921875,82837.67829165622,74833.61155209379,1961.5167410714287,12.231543060342165,False,0
2026-05-26,75825.734375,77990.8671875,75569.46875,77280.125,35999475458,77100.34013241372,77629.14527638427,76721.89014433738,32.59063512567606,0,-320.94038814652595,122.02218079052541,-442.96256893705134,78555.555078125,82577.86046687732,74533.2496893727,1997.2645089285713,12.22528925640788,False,0
2026-05-27,74344.703125,76014.296875,74136.5,75825.3046875,33802172927,76599.31522197486,77316.34126196672,76628.6671239712,31.920079954409957,0,-530.8690422271902,-8.556063813017715,-522.3129784141724,78272.290625,82645.92165652853,73898.65959347146,1949.1668526785713,12.427895497864741,False,0
2026-05-28,73536.5546875,74460.125,72493.4140625,74339.5703125,40148145327,76042.44967025216,76956.36158820799,76507.40781273703,20.355299630350814,1,-753.7609509259782,-157.59704123560982,-596.1639096903684,77939.780078125,82695.09389184855,73184.46626440145,1868.4832589285713,13.24562602232945,False,0
2026-05-29,73372.5234375,74218.5625,72435.625,73537.03125,34457929250,75557.00853702449,76615.04366909295,76384.47117057086,23.77166007290569,1,-932.8866092976823,-312.6549548480243,-620.231654449658,77575.187890625,82563.37823876877,72586.99754248124,1781.587611607143,14.789298779045298,False,0
2026-05-30,73754.8359375,74020.7578125,73125.234375,73370.8515625,19563589191,75229.3407916564,76342.64293275076,76281.34822025435,28.756697723627184,1,-1032.0981751524523,-456.5435989089099,-575.5545762435424,77155.983203125,81934.05598056655,72377.91042568344,1735.3560267857142,16.422427854259606,False,0
2026-05-31,73579.6875,74153.5,73315.015625,73753.75,17445435650,74929.40382953706,76079.50432010784,76175.4007410287,30.307002574540576,0,-1112.038187002734,-587.6425165276748,-524.3956704750592,76748.552734375,81267.66418338839,72229.44128536161,1669.8203125,18.126035745266552,False,0
2026-06-01,71319.7734375,73969.5703125,70599.5078125,73580.2109375,43378836121,74273.10739462123,75626.19661700232,75984.98398402757,25.627507953469404,1,-1342.2744954381342,-738.5689123097668,-603.7055831283674,76290.666796875,81067.35831748943,71513.97527626056,1787.6752232142858,20.085253229562085,False,0
2026-06-02,66703.65625,71334.953125,66127.265625,71321.03125,54990073882,72896.84355014464,74776.43086776401,75621.01034739903,18.546870750562036,1,-1875.5997606460442,-965.9750819770223,-909.6246786690218,75661.99375,81876.86561195823,69447.12188804176,2069.331473214286,22.558335788270828,False,0
2026-06-03,64014.3671875,67402.9296875,64009.67578125,66694.0078125,47411556213,71281.84784784561,73751.47242202458,75165.84787054025,12.561952328363219,1,-2486.603016029505,-1270.100668787519,-1216.502347241986,74810.149609375,82426.99183462422,67193.30738412579,2217.998046875,25.22697756679633,True,0
2026-06-04,63801.57421875,64664.4453125,61335.75,64020.0703125,63800151780,69921.79809710095,72803.86306933177,74720.19008027397,12.020614642218973,1,-2953.9468516173365,-1606.8699053534824,-1347.076946263854,74046.9443359375,82836.97344968854,65256.915222186464,2352.5387834821427,28.754632536799956,True,0
2026-06-05,60922.66796875,63901.515625,59108.91796875,63807.69140625,71465606706,68285.59261921895,71672.32067880017,74179.11078178283,11.494390086485097,1,-3516.0925564041827,-1988.7144355636226,-1527.37812084056,73186.505859375,83525.63301854304,62847.378700206966,2516.6116071428573,31.958276441194887,True,0
2026-06-06,60867.4140625,61491.703125,59496.625,60924.4765625,30898464957,66936.83288163369,70643.28195343824,73657.08345945802,5.560568533163703,1,-3920.8583910644957,-2375.1432266637976,-1545.715164400698,72358.408984375,83854.92341098076,60861.894557769236,2442.4827008928573,34.69883484929712,True,0
2026-06-07,63239.51953125,64128.04296875,60724.06640625,60866.94140625,36006496194,66264.59409065483,69938.16172275365,73248.55154070478,15.382984908192157,1,-4004.0726869115897,-2700.9291187133563,-1303.1435681982334,71672.6763671875,83641.36606974459,59703.9866646304,2589.0061383928573,36.364321286527506,True,0
2026-06-08,63090.58984375,64185.765625,62384.66796875,63244.0859375,34133252457,65687.50240939941,69286.0120199914,72850.20010160853,13.983111935531781,1,-4035.5190454879485,-2967.847104068275,-1067.6719414196737,70989.660546875,83292.58155919942,58686.739534550594,2648.235770089286,38.101533286698576,True,0
2026-06-09,61643.78125,63486.08984375,60756.6875,63092.890625,40144449754,64952.2803804177,68558.18051808745,72410.73269566309,13.988357500592173,1,-4129.582615435385,-3200.1942063416973,-929.3884090936881,70198.9609375,82781.10131971318,57616.82055528682,2670.2360491071427,39.742065086469196,True,0
2026-06-10,61449.2890625,62788.27734375,60788.0234375,61643.20703125,27493506779,64315.372868069026,67881.14323660293,71980.87216102924,14.966206005406349,1,-4171.7334203464925,-3394.5020491426567,-777.2313712038358,69394.466796875,82057.77943994247,56731.154153807525,2678.982979910714,40.97857108568378,True,0
2026-06-11,63561.0546875,63851.94921875,61447.96875,61448.87890625,29316677897,64178.224107965565,67469.70623192647,71650.68324049868,24.691578989513616,1,-3988.756497751536,-3513.3529388644324,-475.4035588871034,68798.107421875,81376.19423104021,56220.02061270979,2710.2165178571427,40.95788506742518,True,0
2026-06-12,63543.19921875,64334.015625,62778.79296875,63547.44140625,26881868307,64062.76503719909,67095.75318305251,71332.74269062618,24.876088129042074,1,-3801.3669633366662,-3570.955743758879,-230.41121957778705,68141.5990234375,80354.30638527196,55928.89166160305,2693.951171875,40.79940052568022,True,0
2026-06-13,64421.32421875,64700.87890625,63431.3203125,63541.515625,16956245530,64127.95761566289,66841.04566264275,71061.70667212123,26.733117534526215,1,-3541.181522261366,-3565.000899459377,23.819377198010898,67513.608984375,79087.4392251554,55939.778743594594,2720.66796875,40.784118591284326,True,0
2026-06-14,65710.3984375,65749.78125,63634.0234375,64420.16796875,21572226975,64415.674128724175,66733.3649745339,70851.85144723413,31.415310211321795,0,-3194.145053572589,-3490.829730282019,296.6846767094303,66935.132421875,77572.27876589289,56297.9860778571,2811.901785714286,40.75229520870162,True,0
2026-06-15,66289.5,67248.1328125,65315.8359375,65711.109375,32927321950,64756.36974168342,66691.09211981639,70672.93570420535,37.09565379816169,0,-2839.653734901076,-3360.5945312058307,520.9407963047547,66458.320703125,76237.82925785067,56678.812148399345,2709.2042410714284,39.561005684372745,True,0
2026-06-16,65600.640625,66928.609375,65315.0703125,66289.4609375,25063963967,64909.87353865007,66587.23959650054,70474.0221716875,46.45637038115365,0,-2584.5093899601343,-3205.377502956692,620.8681129965576,66021.117578125,75070.71072895588,56971.524427294135,2452.4793526785716,36.769453858443356,True,0
2026-06-17,64418.4453125,66354.625,63870.9296875,65600.4296875,31288885189,64820.52295207733,66380.68775992906,70236.54856936642,51.43735945157909,0,-2449.4630547219567,-3054.194613309745,604.7315585877882,65565.212109375,73912.05726751387,57218.36695123613,2387.5108816964284,33.46465074176347,True,0
2026-06-18,62896.47265625,64736.921875,62201.14453125,64419.64453125,30432454936,64470.69562556327,66048.85775005486,69948.70245512656,47.05474997928082,0,-2437.154336675274,-2930.786557982851,493.63222130757686,65041.4095703125,72603.25761152121,57479.56152910378,2330.8738839285716,29.573672404239538,True,0
2026-06-19,63540.8359375,63568.22265625,62275.58203125,62897.515625,22361931660,64301.63022773358,65809.99852981154,69697.41357208238,59.96948991093589,0,-2348.3347164913866,-2814.296189684558,465.9614731931715,64530.7095703125,70900.44020847714,58160.97893214786,2080.876953125,26.308339664204954,True,0
2026-06-20,64239.67578125,64307.13671875,63149.66015625,63535.80859375,17486384117,64290.36578291838,65660.44398232948,69483.38463910857,62.240969137635275,0,-2196.2371380254917,-2690.684379352745,494.4472413272533,64063.708984375,68800.194091604,59327.223877145996,2021.0482700892858,23.35322404563137,False,0
2026-06-21,63237.5390625,64506.578125,63221.0,64242.32421875,15739619591,64098.94274284231,65429.691132821914,69238.44951845726,49.992017148487655,0,-2131.9865553895215,-2578.9448145601004,446.9582591705789,63659.597265625,66946.85633278741,60372.338198462596,1869.734095982143,20.51264167764638,False,0
2026-06-22,63952.10546875,65544.0,63233.53125,63240.7890625,26561496819,64072.245056643704,65288.96868862459,69031.14190866482,53.321145899842186,0,-2000.3491883768438,-2463.2256893234494,462.8765009466056,63522.0197265625,66487.41868589324,60556.620767231776,1906.1177455357142,17.92628033898446,False,0
2026-06-23,62668.01953125,64196.5625,61893.20703125,63952.79296875,29608942370,63816.93132475394,65039.35448316034,68781.6076977858,53.99860859614304,0,-1976.8527028156095,-2365.951092021882,389.09838920627226,63454.70234375,66434.13481898229,60475.26986851772,1875.685825892857,15.380930899420944,False,0
2026-06-24,60995.1328125,63097.7578125,59029.85546875,62663.03125,42644106535,63303.87704979867,64654.190514526024,68476.25574150009,48.41046579160072,0,-2069.3651922298523,-2306.6339120634757,237.26871983362344,63314.3802734375,66483.34794252833,60145.412604346675,2023.375,12.802395064992213,False,0
2026-06-25,59721.67578125,61868.90625,58075.921875,60992.0703125,40625024718,62652.56772824436,64184.42720659498,68132.93888031383,35.72458326858026,0,-2219.8502939249956,-2289.27718843578,69.42689451078422,63254.3306640625,66651.42881038644,59857.23251773857,2122.5895647321427,11.240258398667985,False,0
2026-06-26,60016.4296875,60647.1875,58269.125,59712.0546875,41502864671,62173.26990265447,63787.475061919264,67814.64440216427,37.151478702847996,0,-2288.9411555075203,-2289.209981850128,0.26882634260755367,63211.7814453125,66753.01920916773,59670.543681457275,2181.363839285714,9.860691011767559,False,0
2026-06-27,59940.09765625,60835.046875,59794.62109375,60016.3125,15099836554,61767.23858512638,63421.058166141236,67505.83864742254,32.66131469999323,0,-2323.076537809975,-2295.983293042097,-27.093244767877877,63046.8103515625,66878.1374393447,59215.48326378028,2164.9972098214284,8.619401839904883,False,0
2026-06-28,59532.33984375,60432.70703125,58879.6328125,59940.3515625,16282230874,61360.893359421585,63050.70404019921,67193.15241982754,24.346398708871632,1,-2355.8746652513873,-2307.961567483955,-47.91309776743219,62868.8978515625,67009.63510114037,58728.160601984615,2124.8055245535716,8.099291233507143,False,0
2026-06-29,60138.37890625,60682.33984375,58856.1875,59522.7890625,30829983083,61138.618004299475,62773.339741727854,66916.49463498137,24.51526491104788,1,-2306.378632873573,-2307.644980561879,1.2663476883058138,62793.627734375,67080.29273227762,58506.962736472364,2117.2237723214284,8.608401886785414,False,0
2026-06-30,58558.859375,60173.21875,58111.671875,60136.453125,32747419391,60669.57098079048,62371.96065918234,66588.74423262916,22.830341102282446,1,-2367.317730992101,-2319.5795306479235,-47.738200344177585,62649.10625,67305.55389587325,57992.65860412674,2149.2243303571427,10.08240983906481,False,0
2026-07-01,60003.7578125,61223.76953125,57747.765625,58562.4453125,37904450118,60548.5140411013,62146.417530926876,66330.50947105547,33.305029763065434,0,-2272.821505375665,-2310.227925593472,37.406420217806954,62471.24140625,67251.1422546906,57691.34055780941,2220.103515625,11.061594992644912,False,0
2026-07-02,61485.30078125,62117.875,59532.32421875,60004.76953125,40109297349,60718.83890294652,62083.45403095765,66140.50128714154,44.64701980984963,0,-2054.699137310061,-2259.1221679367895,204.42303062672863,62368.346484375,67139.67832182773,57597.01464692227,2223.658761160714,11.58547329321615,False,0
2026-07-03,62544.19921875,62879.0078125,61176.72265625,61492.06640625,26131813598,61050.72259672896,62127.334525033104,65999.46983347913,46.33473954770331,0,-1775.9196386853364,-2162.481662086499,386.5620234011626,62274.490234375,66948.64453069866,57600.33593805134,2252.9190848214284,11.378814490164075,False,0
2026-07-04,63088.3046875,63398.41015625,62287.5859375,62545.12890625,18608397613,61421.19206777824,62218.855492887094,65885.30649442114,45.716937851271666,0,-1493.8598272849267,-2028.7572951261845,534.8974678412578,62143.385546875,66551.26658297311,57735.50451077688,2249.5867745535716,11.018473637180037,False,0
2026-07-05,63547.8828125,63935.84765625,62413.9921875,63089.05859375,18267466154,61807.8631122731,62345.42952332642,65793.64282062031,51.203029924930256,0,-1219.1872490961687,-1866.8432859201816,647.656036824013,62006.3046875,66024.58519447429,57988.02418052571,2266.4637276785716,11.179419570874916,False,0
2026-07-06,63995.015625,64597.5703125,61275.828125,63551.015625,36552222303,62205.52720549617,62502.53296158105,65723.10842079206,50.169860644688015,0,-954.4253495283774,-1684.3596986418208,729.9343491134434,61926.0234375,65698.58547032716,58153.46140467284,2338.6975446428573,11.545485423178247,False,0
2026-07-07,63297.39453125,64257.6328125,62623.93359375,63994.59765625,31026493556,62404.0485374514,62578.23406345428,65627.98238590806,52.612701960629146,0,-791.7648562114191,-1505.8407301557404,714.0758739443213,61869.9708984375,65517.86054115453,58222.08125572048,2290.8649553571427,11.544552119414048,False,0
2026-07-08,62257.57421875,63706.88671875,61492.6484375,63293.51953125,27349235354,62377.416843142055,62547.6950306253,65495.80951660775,55.53146457456236,0,-738.2499663623894,-1352.32257739707,614.0726110346807,61838.0259765625,65459.15811794136,58216.89383518364,2158.460379464286,11.483354346140812,False,0
2026-07-09,63193.1484375,63422.94140625,61645.75390625,62257.31640625,26546256117,62525.73167847986,62609.166783660985,65405.509082132936,65.67458070751914,0,-613.2765398697084,-1204.513369891598,591.2368300218895,61820.6416015625,65410.55704468017,58230.72615844483,2014.474888392857,10.854881891473605,False,0
2026-07-10,64127.140625,64658.96875,62902.0625,63194.359375,27450201269,62816.896941483516,62753.73572093136,65355.37698577478,67.54792428163603,0,-433.8674809096847,-1050.3841920952154,616.5167111855308,61815.01484375,65389.28457103379,58240.74511646621,1970.1065848214287,10.454085944676164,False,0
2026-07-11,63802.02734375,64445.4609375,63785.62109375,64127.96875,13954689047,62996.011560077415,62853.573018342664,65294.461313538515,66.1430398332162,0,-314.29543172836566,-903.1664400218456,588.8710082934799,61843.2392578125,65473.285815938885,58213.192699686115,1942.921875,9.961255373014415,False,0
2026-07-12,63758.21875,64243.1328125,63606.82421875,63791.40234375,19043437787,63134.594685517884,62939.72975469098,65234.21650712524,68.21869473091418,0,-220.52661512785562,-766.6384750430476,546.111859915192,61833.544921875,65440.84251729589,58226.24732645411,1877.4386160714287,9.19313178043824,False,0
2026-07-13,62239.12109375,64340.8828125,61769.0,63757.171875,37650044790,62971.78130519645,62873.00512031565,65116.7617850321,58.39577986349188,0,-265.72947367301094,-666.4566747690403,400.7272010960294,61812.1,65403.574618364146,58220.62538163585,1930.705078125,7.5691806335014435,False,0
2026-07-14,64956.11328125,65046.1328125,62207.5234375,62238.5859375,29841287318,63332.56893720618,63071.39637373797,65110.461843707315,73.43629657466242,-1,-81.37644505541539,-549.4406288263153,468.06418377089994,62010.1490234375,65840.82006542738,58179.47798144763,1986.2095424107142,6.1487424232914245,False,0
2026-07-15,64712.375,65507.59375,64442.8203125,64959.80859375,27029791676,63583.44276680505,63227.68005242959,65094.85059493448,68.91464319383788,0,44.54354575672187,-430.6437939097079,475.18733966642975,62259.683984375,66112.80997478338,58406.55799396662,1813.978794642857,5.227479243761261,False,0
2026-07-16,63789.28125,64931.85546875,63701.8046875,64713.296875,27232426674,63620.86794556776,63281.16588076963,65043.65179709392,59.689900321113406,0,69.05408219635137,-330.70421868849604,399.7583008848474,62448.3265625,66207.3021235087,58689.3510014913,1717.1573660714287,4.902825833523929,False,0
2026-07-17,63899.4609375,64332.01953125,62489.453125,63789.91015625,27280236800,63671.521216828165,63340.05112426776,64998.78156730592,56.19415261224287,0,96.25981564966787,-245.31141182086327,341.57122747053114,62646.2947265625,66263.43994788801,59029.14950523698,1727.177455357143,5.33944211817754,False,0
2026-07-18,64796.6015625,64816.50390625,63845.015625,63899.1796875,14162542470,63876.081279677586,63478.77021362321,64990.852939666474,57.56359958463883,0,188.0446445301859,-158.64020055065345,346.68484508083935,62909.5078125,66333.54804766271,59485.46757733729,1717.224888392857,5.740837436535386,False,0
2026-07-19,64690.8046875,64909.88671875,64250.9140625,64799.27734375,15000653941,64024.21280837257,63594.202068278144,64979.0863415423,55.22402076838748,0,249.37323958438355,-77.03751252364606,326.4107521080296,63137.1291015625,66386.31941022979,59887.93879289522,1655.5904017857142,6.389535879685545,False,0
2026-07-20,65230.02734375,65735.71875,63720.390625,64684.41796875,30988932408,64243.45181480483,63749.994951656416,64988.92716515829,55.597816560640375,0,337.59576111305796,5.889142203694746,331.7066189093632,63470.6875,66039.37851023645,60901.99648976355,1562.275111607143,5.993185340375737,False,0
2026-07-21,66505.125,66910.0625,65113.65625,65228.87109375,29554470321,64654.66512120395,64012.3882895939,65048.385903779534,63.816100509485935,0,504.5859170986296,105.62849718268171,398.95741991594787,63795.755859375,66153.99538436557,61437.51633438444,1573.8970424107142,5.494431734775618,False,0
2026-07-22,66100.796875,66694.6484375,65514.17578125,66506.7890625,28142272410,64917.59816734868,64211.28434534686,65089.65692225877,67.51189779907182,0,597.4142980890465,203.9856573639547,393.4286407250918,64026.5306640625,66335.598194152,61717.463133973,1500.056640625,5.676837790240049,False,0
2026-07-23,65044.8125,66282.3828125,64610.609375,66100.1328125,24364433538,64940.728046012555,64290.66797912335,65087.898317464314,58.34565159062211,0,579.0968766645674,279.0079012240772,300.0889754404902,64151.561328125,66392.47064179582,61910.65201445417,1492.527064732143,5.644813574115439,False,0
2026-07-24,64098.49609375,65760.484375,63686.03515625,65044.95703125,25917559237,64787.594963783,64272.365894802075,65049.098230259835,49.87103924465894,0,482.6565981079111,319.73764060084403,162.9189575070671,64202.0708984375,66386.91009636788,62017.23170050712,1515.208705357143,5.94590743979966,False,0
2026-07-25,64311.8125,64386.0625,63753.02734375,64098.4921875,13817493398,64701.089061276994,64276.12271434474,65020.185064367295,52.3184459865418,0,418.6143085907752,339.5129741988303,79.10133439194487,64240.2673828125,66403.55594972901,62076.978815895985,1513.2940848214287,6.291745998323482,False,0
2026-07-26,65340.30078125,65503.76953125,64233.453125,64311.78515625,14301494281,64817.30937399936,64377.473006430955,65032.73862189211,56.60367883215487,0,445.7128414210456,360.7529476432734,84.95989377777221,64307.531640625,66521.77111838834,62093.29216286166,1558.580357142857,5.980908456407273,False,0
2026-07-27,63724.8984375,65658.3359375,63562.484375,65340.58984375,26183821002,64618.68920372674,64315.32304748515,64981.45077152379,56.15223738162055,0,333.00053241147543,355.2024645969138,-22.201932185438352,64328.9068359375,66510.09505380414,62147.71861807087,1524.578125,6.109673134054077,False,0
2026-07-28,63871.36328125,64026.921875,62714.8046875,63723.48828125,24128738898,64482.81176327642,64273.041164986564,64937.917928767965,44.29353477151206,0,252.58209514003102,334.67839070553725,-82.09629556550624,64409.5962890625,66377.08072275254,62442.11185537247,1415.54296875,6.157420744160809,False,0
2026-07-29,63908.16796875,64638.6953125,63206.2109375,63871.39453125,28611167472,64378.331073362526,64238.29133677356,64897.53557739471,45.67520728343686,0,189.6337550254757,305.66946356952496,-116.03570854404927,64445.347265625,66344.56309123617,62546.13144001383,1441.8080357142858,6.275582707109665,False,0
2026-07-30,64725.30859375,65071.4453125,63533.90625,63908.625,26250039650,64441.41789525116,64284.67393267607,64890.7815780361,55.091707815021316,0,203.33919362489542,285.2034095805991,-81.86421595570368,64475.2556640625,66372.21063155853,62578.300696566475,1463.771484375,6.099126144002383,False,0
2026-07-31,62813.74609375,65328.18359375,62410.8671875,64723.96875,30439749629,64145.477567705486,64144.58556706406,64809.32920610331,45.061819861596,0,59.270500862330664,240.01682783694542,-180.74632697461476,64425.8416015625,66444.23720703347,62407.44599609152,1540.539341517857,5.367529874850786,False,0
2026-08-01,62763.3203125,63091.59765625,62233.01171875,62813.6640625,13553286543,63894.17624857721,64013.03649520082,64729.093563216906,39.98023458247384,0,-58.3018478218728,180.3530927051818,-238.6549405270546,64376.0966796875,66509.53420806066,62242.65915131433,1532.474888392857,4.66170510447383,False,0
2026-08-02,63482.0,63714.61328125,62745.25390625,62763.4453125,15901776708,63819.235112472255,63962.46159089598,64680.187933286834,44.382478132882945,0,-92.4219539383048,125.79808337648448,-218.2200373147893,64438.240625,66372.71437824347,62503.76687175653,1554.6453683035713,3.7026322864440977,False,0
2026-08-03,63460.8984375,64020.32421875,62226.578125,63485.44140625,26038889824,63754.08298975002,63914.69367152493,64632.37265894226,41.362614309281106,0,-119.78430469688465,76.68160576181066,-196.4659104586953,64363.4798828125,66329.00478264647,62397.954982978525,1538.818080357143,3.679879307300863,False,0
2026-08-04,64055.953125,64466.9375,63277.68359375,63458.41015625,23662357784,63808.96846888638,63928.14695280827,64609.76797133668,37.19195762111492,0,-92.38823059381684,42.86763849068515,-135.255869084502,64330.6587890625,66293.57386331436,62367.74371481065,1495.4500558035713,4.300814981643023,False,0
2026-08-05,64597.5,64954.34765625,63829.71875,64054.87890625,23568584891,63952.33783817976,63991.89486206462,64609.28687442152,42.24967999349112,0,-26.670892130241555,28.959932366499814,-55.63082449674137,64371.0697265625,66320.28672245464,62421.85273067037,1491.461216517857,4.452046204056954,False,0
2026-08-06,64262.11328125,64934.4921875,64098.4765625,64595.44921875,18529402711,64008.660646010714,64017.62994960609,64595.67222370892,45.64086587892123,0,-1.633503181510605,22.841245256897732,-24.474748438408337,64389.20234375,66326.65881970462,62451.74586779539,1431.7642299107142,4.609074614626102,False,0
2026-08-07,64880.19140625,65330.609375,64113.2734375,64257.48828125,22165720102,64167.12078423604,64099.77865976265,64606.82983871053,54.51875570167912,0,67.3066776550404,31.73433173652627,35.57234591851413,64393.3818359375,66334.8951011372,62451.8685707378,1370.5418526785713,4.206970158108463,False,0
2026-08-08,64904.6875,65140.48046875,64797.11328125,64882.546875,12350094271,64301.22382346584,64176.43664454716,64618.51053131012,53.50372728103782,0,122.50671652806341,49.8888086948337,72.61790783322971,64404.0759765625,66354.82137750095,62453.330575624044,1349.851283482143,3.8084255065459893,False,0
2026-08-09,64844.88671875,65401.69140625,64677.6015625,64906.55078125,13234538380,64400.07162260842,64240.098556376004,64627.38802885679,46.69368874280608,0,159.58808960204624,71.8286648762762,87.75942472577003,64384.8189453125,66308.65217892162,62460.98571170339,1310.8351004464287,3.591538537325943,False,0
2026-08-10,63910.5859375,65321.83984375,63752.56640625,64845.3828125,22384770392,64311.07422531598,64208.71640219734,64599.278142921234,51.36317545091237,0,112.29066328277986,79.92106455757694,32.36959872520292,64255.0919921875,65907.71386499719,62602.47011937782,1273.222377232143,3.58793362769543,False,0
2026-08-11,63551.875,64433.6796875,63185.47265625,63910.17578125,20824820662,64173.03800253125,64146.160078178546,64558.203509865496,47.72544358424861,0,45.33949194110755,73.00475003428306,-27.66525809317551,64127.6458984375,65559.32088333007,62695.97091354493,1268.6573660714287,3.1972194445424362,False,0
2026-08-12,63402.43359375,64381.078125,63251.11328125,63551.87109375,23063864553,64032.92811002556,64075.328984423446,64512.8791994296,46.45632178748441,0,-19.553070627916895,54.49318590184308,-74.04625652975997,64045.526953125,65443.714568312906,62647.3393379371,1247.048828125,3.117862253013701,False,0
2026-08-13,63402.171875,63926.33203125,62799.2890625,63404.42578125,18765583756,63918.24515820273,64011.218783525976,64469.32204945196,39.53023723050768,0,-70.1928727617269,29.555974169129087,-99.74884693085599,64010.7107421875,65437.725848537506,62583.69563583749,1217.7276785714287,3.7037937742282603,False,0
2026-08-14,62975.59375,63551.5625,62487.69921875,63402.08984375,20280053024,63746.853993074954,63912.58782795207,64410.7444690813,51.67410254317482,0,-143.09703685219574,-4.974628035135879,-138.12240881705986,63943.8998046875,65435.2290197721,62452.570589602896,1085.338169642857,3.961013218003597,False,0
2026-08-15,63024.3203125,63119.1328125,62850.9609375,62974.3359375,10033057106,63615.48423297041,63827.990921718534,64356.374894313405,52.70065333693334,0,-194.69792923813657,-42.919288275736015,-151.77864096240054,63828.10078125,65219.18524350913,62437.01631899088,1043.165736607143,4.104359438780847,False,0
2026-08-16,62818.65234375,63310.77734375,62648.57421875,63023.421875,9078986635,63470.60570765761,63731.86343810248,64296.07204919327,42.32085831367012,0,-249.31376061757328,-84.19818274410348,-165.11557787346982,63782.7884765625,65245.23575751987,62320.34119560513,1021.2260044642857,4.751228707628111,False,0
2026-08-17,64506.25390625,64547.84765625,62687.1015625,62819.37890625,21555405073,63658.905380128956,63805.61491125939,64304.31447496021,58.73217661765406,0,-154.63927297334158,-98.2864007899511,-56.352872183390474,63814.5330078125,65312.21364709901,62316.852368525986,1026.01171875,4.535351626635147,False,0
2026-08-18,64680.7109375,64987.7109375,63980.32421875,64506.5234375,18728001793,63844.68820874186,63888.95738994898,64319.07512055,55.61322257895601,0,-64.7850334603645,-91.58612732403378,26.80109386366928,63853.16015625,65400.05043100903,62306.26988149097,1013.0212053571429,4.058553767669304,False,0
2026-08-19,69266.1875,69996.953125,64111.0703125,64680.046875,46228098443,64830.41535260697,64401.07454328717,64513.07952758725,74.29334525793732,-1,372.1448803570529,1.1600742121835594,370.98480614486937,64080.2041015625,66941.02375942185,61219.38444370316,1353.1107700892858,5.405683495976414,False,0
2026-08-20,73032.7578125,73369.8046875,68867.53125,69268.25,55444322363,66321.7503453148,65223.13961654554,64847.18455836814,83.62933879482357,-1,1010.6950670475417,203.0670727792552,807.6279942682864,64591.1546875,69451.26656257237,59731.04281242763,1614.986328125,7.820990460197956,False,0
2026-08-21,78335.1875,79463.7109375,73011.4140625,73031.0859375,74478039014,68506.01164616665,66471.90608163644,65376.12585019685,87.95588385351596,-1,1922.4516263686091,546.943983497126,1375.507642871483,65369.748046875,73124.29268917724,57615.203404572756,1988.912109375,11.111785217612981,False,0
2026-08-22,77083.4140625,78801.1484375,76526.7109375,78332.5546875,42131959963,70065.53935822725,67482.52588933773,65835.2351918558,82.13079646966193,-1,2515.02595986666,940.5603787710329,1574.465581095627,66049.81875,75340.7654244112,56758.87207558881,2126.845703125,14.165962586176011,False,0
2026-08-23,77755.265625,78036.8671875,75624.9453125,77082.84375,31158396908,71463.67140673139,68460.8820546389,66302.6873657046,82.99550050964939,-1,3004.227332010516,1353.2937694189295,1650.9335625915865,66764.537109375,77328.89186837462,56200.182350375384,2247.4051339285716,17.03939696907002,False,0
2026-08-24,78964.484375,79970.109375,76688.828125,77748.875,55502180329,72827.45558278023,69461.22513276854,66799.22842489264,87.94061264207309,-1,3449.7304460034647,1772.5811047358366,1677.1493412676282,67509.963671875,79302.16118489177,55717.766158858234,2369.69140625,20.275633733490473,False,0
2026-08-25,78564.9765625,81235.03125,77870.625,78960.09375,46728068401,73870.64121545655,70328.24907845724,67260.63031264195,87.7601407538521,-1,3727.588610715844,2163.582605931838,1564.006004784006,68208.3375,80894.77431615743,55521.900683842556,2520.8484933035716,23.792954354261305,False,0
2026-08-26,79027.421875,79240.5,77639.8359375,78538.5859375,29329039002,74808.2376990099,71156.74172574702,67722.07311900893,88.689951457616,-1,3939.6943360806326,2518.804951961597,1420.8893841190356,68946.6029296875,82363.56909326656,55529.63676610845,2554.4698660714284,26.96694339316332,True,0
2026-08-27,80257.5390625,80806.5625,78591.1015625,79037.921875,34033075972,75799.019765099,72023.48432924731,68213.66001875368,89.340480002334,-1,4159.106240299996,2846.8652096292767,1312.2410306707193,69715.4703125,83892.17167620923,55538.76894879076,2632.2140066964284,30.053118163128932,True,0
2026-08-28,77830.2890625,81346.953125,76909.3515625,80264.6484375,39362871737,76168.34145553554,72576.51335146185,68590.78272635158,81.70950744390886,-1,4089.9861511237104,3095.4893979281633,994.4967531955472,70361.750390625,84791.27192537565,55932.22885587435,2873.1953125,32.88498464957961,True,0
2026-08-29,78245.8125,78327.9453125,77381.8984375,77830.890625,14053131399,76546.06346361998,73116.44660370357,68969.41134492602,81.99151359591423,-1,4022.369875118078,3280.8654933661464,741.5043817519318,71031.7966796875,85626.28803888048,56437.30532049452,2921.6149553571427,35.73713963632145,True,0
2026-08-30,77667.5703125,79373.1796875,77056.1484375,78246.171875,19314839672,76749.97379977998,73549.88695692227,69310.51561816422,80.72724174618077,-1,3877.427605454228,3400.1779157837627,477.24968967046516,71719.6458984375,86197.25266472159,57242.039132153426,3039.816964285714,38.25889034137585,True,0
2026-08-31,78548.6328125,79247.34375,77378.4375,77673.703125,30608386987,77077.00271118362,74025.95799078683,69672.79472382445,80.06170476342912,-1,3789.9658260258,3478.1354978321706,311.8303281936296,72469.4837890625,86717.53191063611,58221.43566748889,3040.399832589286,41.0802722598167,True,0
2026-09-01,77403.625,79196.515625,76399.0625,78539.859375,30608796575,77136.3885818775,74347.64056309283,69975.96453857643,76.15034287808197,-1,3586.911491561623,3499.890696578061,87.0207949835617,73169.543359375,86908.5798670793,59430.50685167072,3168.26171875,43.55284486048054,True,0
2026-09-02,77300.4765625,77737.546875,76248.3046875,77402.140625,26525296646,77166.2227601725,74628.86303922685,70263.20030422049,70.24347148935199,-1,3378.718488160215,3475.656254894492,-96.93776673427692,73864.45859375,86911.90447823526,60817.01270926472,2854.2159598214284,43.73629718614653,True,0
2026-09-03,81271.7421875,82262.2109375,76940.8828125,77300.1640625,40504199354,77912.6808378684,75261.51819620526,70694.90782905498,70.54728062559717,-1,3493.8965155447513,3479.3043070245444,14.592208520206896,74779.266015625,87160.77412703342,62397.75790421659,2912.7198660714284,43.31398559313176,True,0
2026-09-05,79599.8125,79701.140625,79519.8515625,79676.328125,35690004480,78219.43204916506,75674.68908228095,71044.11977693519,53.8512563120138,0,3410.9459178768593,3465.6326291950077,-54.686711318148355,75608.040625,86842.43192697375,64373.64932302625,2576.9765625,41.05652439626031,True,0
